Job No,Institutation,URL(url of job posting),List Id,1,2,3,4,5,6,7,8,9,10,11,12,13,14,15,16,17,18,19,20,21,22,23,24,25,26,27,28,29,30,31,32,33,34,35,36,37,38,39,40,41,42,43,44,45,46,47,48,49,50,51,52,53,54,55,56,57,58,59,60,61,62,63,64,65,66,67,68,69,70,71,72,73,74,75,76,77,78,79,80,81,82,83,84,85,86,87,88,89,90,91,92,93,94,95,96,97,98,99,100
68690,northern trust,https://careers.northerntrust.com/jobs/tax-technician-8148,3,0,0,0,0,0,0,0,0,0,0,0,0,0,0,0,0,0,0,0,0,0,0,0,0,0,0,0,0,0,0,0,0,0,0,0,0,0,0,0,0,0,0,0,0,0,0,0,0,0,0,0,0,0,0,0,0,0,0,0,0,0,0,0,0,0,0,0,0,0,0,0,0,0,0,0,0,0,0,0,0,0,0,0,0,0,0,0,0,0,0,0,0,0,0,0,0,0,0,0,0
74690,northern trust,https://careers.northerntrust.com/jobs/accountant-fund-accounting-12063,3,1,0,0,0,0,1,0,0,0,0,0,0,0,0,1,0,0,0,0,3,0,1,0,0,1,0,0,3,0,0,1,5,0,0,0,0,0,0,1,0,0,0,0,0,0,0,0,0,0,0,0,0,0,0,0,0,0,0,0,0,0,0,0,2,0,0,0,0,2,0,0,0,0,0,0,0,0,0,0,0,0,0,0,0,0,0,0,0,0,0,0,0,0,0,0,0,0,0,0,0
72509,northern trust,https://careers.northerntrust.com/jobs/team-lead-financial-reporting-10650,3,1,0,0,0,0,1,0,0,0,0,0,0,0,0,1,0,0,0,0,3,0,1,0,0,1,0,0,4,0,0,1,5,0,0,0,0,0,0,1,0,0,0,0,0,0,0,0,0,0,0,0,0,0,0,0,0,0,0,0,0,2,0,0,0,0,0,0,0,0,0,0,0,0,0,0,0,0,2,0,0,0,0,0,0,0,0,0,0,0,0,0,0,0,0,0,0,0,0,2,0
72506,northern trust,https://careers.northerntrust.com/jobs/financial-reporting-technical-coordinator-10643,3,1,9,0,0,0,2,0,0,0,0,0,0,0,0,1,0,0,0,0,19,0,7,1,0,1,0,0,5,0,0,1,6,0,0,0,0,0,0,1,0,0,0,0,0,0,0,0,0,0,0,0,2,0,0,0,0,0,0,0,0,1,0,0,0,0,0,0,0,0,0,0,0,1,0,0,0,0,0,0,0,0,0,0,0,0,0,0,0,0,0,0,0,0,0,0,0,0,0,0,0
74590,northern trust,https://careers.northerntrust.com/jobs/associate-equity-portfolio-manager-12062,3,1,2,0,0,0,2,0,0,0,0,0,0,0,0,1,0,0,0,0,3,2,1,0,0,1,0,0,3,0,0,3,5,0,0,1,0,0,0,1,0,0,0,0,0,0,0,0,0,0,0,0,0,0,0,0,0,0,0,0,0,1,0,0,0,0,0,0,0,0,0,0,0,0,0,0,0,0,0,0,0,0,0,0,0,0,0,0,0,0,0,0,0,0,0,0,0,0,0,0,0
74383,northern trust,https://careers.northerntrust.com/jobs/consultant-cash-management-investment-administration-12060,3,1,1,0,1,0,3,2,0,0,1,0,0,0,2,1,0,0,0,0,3,1,5,1,0,1,0,0,11,0,0,1,5,0,0,0,0,0,0,1,0,0,0,0,0,0,0,0,0,0,3,0,0,0,0,0,0,0,0,0,0,1,0,0,0,0,0,0,0,0,0,0,0,5,0,0,0,0,0,0,0,0,0,0,0,0,0,0,0,0,0,0,0,0,0,0,0,0,0,0,0
71626,northern trust,https://careers.northerntrust.com/jobs/consultant-reconciliation-control-hedge-fund-services-12057,3,1,1,0,0,0,3,1,0,0,0,0,0,0,0,1,0,0,0,0,4,3,3,0,0,3,0,0,5,0,0,1,7,1,0,0,0,0,0,2,0,0,0,0,0,0,0,0,0,0,0,0,0,0,0,0,0,0,0,0,0,1,0,0,0,0,0,0,0,0,0,0,0,0,0,0,0,0,1,0,0,0,0,0,0,0,0,0,0,0,0,0,0,0,0,0,0,0,0,1,0
74174,northern trust,https://careers.northerntrust.com/jobs/senior-consultant-applications-12058,3,1,0,0,1,0,1,0,0,0,1,0,0,0,0,1,0,0,0,0,5,0,1,0,0,2,0,0,2,0,0,1,6,0,0,0,0,0,0,2,0,0,0,0,0,1,0,0,0,0,0,0,0,0,0,0,0,1,0,0,0,0,0,0,0,0,0,0,0,0,0,0,0,0,0,1,0,0,0,0,0,0,0,0,0,0,0,0,0,0,0,0,0,0,0,0,0,0,1,0,0
74512,northern trust,https://careers.northerntrust.com/jobs/analyst-securities-processing-12056,3,1,0,0,2,0,1,0,0,0,0,0,0,0,0,1,0,0,0,0,3,6,1,0,0,5,0,0,3,0,0,1,5,0,0,0,0,0,0,2,0,0,0,0,0,0,0,0,0,0,0,0,2,0,0,0,0,0,0,0,0,0,0,0,0,0,0,0,0,0,0,0,0,0,0,0,0,0,2,0,0,0,0,0,0,0,0,0,0,0,0,0,0,0,0,0,0,0,0,0,0
19012,northern trust,https://careers.northerntrust.com/jobs/senior-consultant-risk-12055,3,1,0,0,2,0,1,0,0,0,3,0,0,0,0,1,0,0,0,0,4,1,1,0,0,1,0,0,2,0,0,1,9,0,0,0,0,0,0,1,0,0,0,0,0,0,0,0,0,0,0,0,0,0,0,0,0,0,0,0,0,2,0,0,0,0,0,0,0,0,0,0,3,0,0,1,0,0,0,0,0,0,0,0,0,0,0,0,0,0,0,0,0,0,0,1,0,0,0,0,0
74746,northern trust,https://careers.northerntrust.com/jobs/senior-analyst-banking-operations-12053,3,4,0,0,0,0,1,11,0,0,1,0,0,0,0,1,0,0,0,0,3,4,1,2,0,1,0,0,6,0,0,1,5,0,0,0,0,0,0,1,0,0,0,0,0,0,0,0,0,0,0,0,1,0,0,0,0,0,0,0,0,0,0,0,4,0,0,0,0,0,0,0,0,1,0,0,0,0,0,0,0,0,0,0,0,1,0,0,0,0,0,0,0,0,0,0,0,0,0,1,0
19001,northern trust,https://careers.northerntrust.com/jobs/senior-analyst-investment-performance-11670,3,1,2,0,0,0,2,0,0,0,0,0,0,0,0,1,0,0,0,0,4,0,1,0,0,1,0,0,2,0,0,1,5,0,0,0,0,1,0,1,0,0,0,0,0,1,4,0,0,0,0,0,0,0,0,0,0,0,0,0,0,1,0,0,0,0,0,0,0,0,0,3,0,0,0,0,0,0,0,0,0,0,0,0,0,0,0,0,0,0,0,0,2,0,0,0,0,0,0,0,0
74486,northern trust,https://careers.northerntrust.com/jobs/manager-communication-head-of-global-internal-communications-12049,3,1,0,2,5,0,2,0,0,0,1,0,0,0,0,1,0,0,0,0,3,1,3,0,0,1,0,0,2,0,0,1,5,0,0,0,0,0,0,1,0,0,0,0,0,0,0,0,3,0,0,0,0,0,0,0,0,0,0,0,0,0,0,0,0,0,0,0,0,0,0,0,0,1,0,0,0,0,0,0,0,0,0,0,0,0,0,0,0,0,0,0,0,0,0,0,0,0,0,0,0
74521,northern trust,https://careers.northerntrust.com/jobs/representative-client-service-banking-operations-12052,3,1,0,0,0,0,1,0,0,0,0,0,0,0,0,1,0,0,0,0,3,0,1,0,0,3,0,0,6,0,0,2,5,0,0,0,0,0,0,1,0,0,0,0,0,0,0,0,0,0,0,0,1,0,0,0,0,0,0,0,0,0,0,0,0,0,0,0,0,0,0,0,0,3,0,0,0,0,1,0,0,0,0,0,0,0,0,0,0,0,0,0,0,0,0,0,0,0,0,0,0
73701,northern trust,https://careers.northerntrust.com/jobs/team-lead-cs-invest-ops-12051,3,2,0,0,0,0,2,0,0,0,4,0,0,0,0,1,0,0,0,0,3,1,2,0,0,1,0,0,2,0,0,1,5,1,0,0,0,0,1,1,0,0,0,0,0,0,1,0,0,0,0,0,0,0,0,0,0,0,0,0,0,2,0,0,0,0,0,0,0,0,0,0,0,0,0,0,0,0,0,0,0,0,0,0,0,0,0,0,0,0,0,0,0,0,0,0,0,0,1,0,0
74586,northern trust,https://careers.northerntrust.com/jobs/manager-mrp-a-and-strategic-investment-analysis-12048,3,1,2,0,0,0,10,1,0,0,0,0,0,0,0,1,0,0,0,0,3,2,2,0,0,2,0,0,6,0,0,1,5,0,0,0,0,0,0,1,0,0,0,0,0,0,0,0,2,0,0,0,1,0,0,0,0,1,0,0,0,0,0,0,0,0,0,0,0,0,0,0,0,0,0,0,0,0,0,0,0,0,0,0,0,0,0,0,0,0,0,0,0,0,0,0,0,0,1,0,0
74375,northern trust,https://careers.northerntrust.com/jobs/senior-auditor-ii-global-business-services-12037,3,1,14,0,0,0,1,0,0,0,2,0,0,0,2,1,5,0,0,0,3,7,21,0,0,1,0,0,10,0,0,1,5,0,0,0,0,0,3,1,0,0,0,0,0,0,1,0,0,0,0,0,3,1,0,0,0,1,0,0,0,0,0,0,0,0,0,0,0,0,0,0,0,2,0,0,0,0,0,0,0,0,0,0,0,0,0,0,0,0,0,0,0,0,0,0,0,0,2,0,0
72550,northern trust,https://careers.northerntrust.com/jobs/summer-intern-performance-monitoring-and-analytics-data-scientist-12036,3,1,2,0,1,0,3,4,0,0,1,0,0,0,0,1,0,0,0,0,3,5,1,0,0,2,0,0,6,0,0,2,6,0,0,0,0,0,0,1,0,0,1,0,0,0,0,0,1,0,0,0,1,0,0,0,0,2,0,0,0,2,0,0,0,0,0,0,0,0,0,0,0,2,0,0,0,0,0,0,0,0,0,0,0,0,0,0,0,0,0,0,0,0,0,0,0,0,0,0,0
73797,northern trust,https://careers.northerntrust.com/jobs/analyst-special-assets-12032,3,0,0,0,4,0,1,0,0,0,0,0,0,0,0,1,0,0,0,0,0,2,0,0,0,1,0,0,1,0,0,0,0,0,0,0,0,0,0,0,0,0,0,0,0,0,0,0,0,2,0,0,1,0,0,1,0,1,0,0,0,2,0,0,0,0,0,0,0,0,0,0,0,0,0,0,0,0,0,0,0,0,0,0,0,0,0,0,0,0,0,0,0,0,0,0,0,0,0,0,0
74564,northern trust,https://careers.northerntrust.com/jobs/senior-consultant-risk-12031,3,1,0,0,1,0,1,0,0,0,0,0,1,0,0,1,0,0,0,0,3,0,1,1,0,1,0,0,3,0,0,1,7,0,0,0,0,0,0,1,0,0,0,0,0,1,0,0,0,0,0,0,1,0,0,0,0,0,0,0,0,0,0,0,1,0,0,0,0,0,0,0,0,0,0,0,0,0,0,0,0,0,0,0,0,0,0,0,0,0,0,0,0,0,0,0,0,0,0,0,0
71906,northern trust,https://careers.northerntrust.com/jobs/manager-applications-12023,3,4,0,0,0,0,1,11,0,0,1,0,0,0,0,1,0,0,0,0,3,4,1,2,0,1,0,0,6,0,0,1,5,0,0,0,0,0,0,1,0,0,0,0,0,0,0,0,0,0,0,0,1,0,0,0,0,0,0,0,0,0,0,0,4,0,0,0,0,0,0,0,0,1,0,0,0,0,0,0,0,0,0,0,0,1,0,0,0,0,0,0,0,0,0,0,0,0,0,1,0
74216,northern trust,https://careers.northerntrust.com/jobs/consultant-client-services-investment-operations-outsourcing-12022,3,1,1,0,1,0,3,2,0,0,0,0,0,0,0,1,0,0,0,0,3,10,1,0,0,9,0,0,2,0,0,1,5,0,0,0,0,0,0,1,0,0,0,0,0,0,0,0,0,0,0,0,2,0,0,0,0,0,0,0,0,0,0,0,1,0,0,0,1,0,0,0,1,4,0,0,0,0,3,0,0,0,0,0,0,0,0,0,0,0,0,0,0,0,0,0,0,0,2,0,0
74314,northern trust,https://careers.northerntrust.com/jobs/senior-account-manager-banking-12021,3,1,1,0,0,0,5,0,0,0,0,0,0,0,0,1,0,0,0,0,3,3,2,0,0,3,0,0,4,0,0,1,6,0,0,0,0,0,0,2,0,0,0,0,0,0,0,0,0,0,0,0,0,0,0,0,0,1,0,0,0,0,0,0,0,0,0,0,0,0,0,0,0,0,0,0,0,0,1,0,0,0,0,0,0,0,0,0,0,0,0,0,0,0,0,0,0,0,1,1,0
74516,northern trust,https://careers.northerntrust.com/jobs/assoc-acct-mgr-wm-advisory-12020,3,1,3,0,0,0,8,0,0,0,4,0,0,0,0,1,0,0,0,0,3,2,1,0,0,1,0,0,3,0,0,1,5,0,0,0,0,4,0,1,0,0,3,0,0,0,4,0,0,0,0,0,3,0,0,0,0,0,0,0,0,0,0,0,0,0,0,0,0,0,0,0,0,0,0,0,0,0,0,0,0,0,0,0,0,0,0,0,0,0,0,0,0,0,0,0,0,0,0,0,0
74514,northern trust,https://careers.northerntrust.com/jobs/account-mgr-wm-advisory-12019,3,2,1,0,0,0,7,0,0,0,2,0,0,0,0,1,0,0,0,0,3,3,3,0,0,1,0,0,6,0,0,1,5,0,0,0,0,0,0,1,0,0,0,0,0,0,2,0,0,0,0,0,3,0,0,0,0,0,0,0,0,0,0,0,1,0,0,0,0,2,0,0,0,0,0,0,0,0,0,0,0,0,0,0,0,0,0,0,0,0,0,0,0,0,0,0,0,0,0,0,0
71635,northern trust,https://careers.northerntrust.com/jobs/bank-debt-loan-closer-12018,3,2,1,0,0,0,8,0,0,0,3,0,0,0,0,1,0,0,0,0,3,3,3,0,0,1,0,0,7,0,0,1,5,0,0,0,0,0,0,1,0,0,0,0,0,0,2,0,0,0,0,0,3,0,0,0,0,0,0,0,0,1,0,0,1,0,0,0,0,2,0,0,0,0,0,0,0,0,0,0,0,0,0,0,0,0,0,0,0,0,0,0,0,0,0,0,0,0,0,0,0
68979,northern trust,https://careers.northerntrust.com/jobs/consultant-business-process-management-hedge-fund-services-12016,3,2,0,0,0,0,1,0,0,0,0,0,0,0,13,1,0,0,0,0,3,1,1,0,0,1,0,0,5,0,0,1,5,0,0,0,0,0,0,1,0,0,3,0,0,0,2,0,0,0,0,0,0,0,0,0,0,0,0,0,0,0,0,0,0,0,0,0,0,5,0,0,1,0,0,0,0,0,0,0,0,0,0,0,0,0,0,0,0,0,0,0,0,0,0,0,0,0,0,0,0
74035,northern trust,https://careers.northerntrust.com/jobs/national-abde-12015,3,1,0,0,0,0,1,0,0,0,0,0,0,0,0,1,0,0,0,0,4,5,1,0,0,1,0,0,2,0,0,1,5,0,0,0,0,0,0,1,0,0,0,0,0,0,0,0,0,0,0,0,0,0,0,0,0,0,0,0,0,0,0,0,0,0,0,0,0,0,0,0,0,0,0,0,0,0,0,0,0,0,0,0,0,0,0,0,0,0,0,0,0,0,0,0,0,0,0,0,0
70789,northern trust,https://careers.northerntrust.com/jobs/consultant-alternative-investments-team-hedge-fund-services-12013,3,1,4,0,0,0,1,0,0,0,1,0,0,0,0,1,0,0,0,0,5,3,2,0,0,2,0,0,5,0,0,1,7,0,0,0,0,0,0,2,0,0,0,0,0,0,0,0,1,0,0,1,0,0,0,0,0,0,0,0,0,0,0,0,0,0,0,0,0,0,0,0,0,0,0,0,0,0,3,0,0,0,0,0,0,0,0,0,0,0,0,0,0,0,0,0,0,0,0,0,0
73667,northern trust,https://careers.northerntrust.com/jobs/account-officer-deposit-representative-12008,3,1,1,1,0,0,2,0,0,0,0,0,0,0,1,1,1,0,0,0,12,0,5,0,0,4,0,0,2,0,0,2,10,0,0,0,0,1,3,2,0,0,0,0,0,0,0,0,0,0,5,0,0,0,0,0,0,0,0,0,0,1,1,0,0,0,0,0,0,0,0,0,0,0,0,0,0,0,0,0,0,0,0,0,0,0,0,0,0,0,0,0,0,0,0,0,0,0,0,0,0
74374,northern trust,https://careers.northerntrust.com/jobs/auditor-c-is-12009,3,1,2,0,0,0,8,0,0,0,4,0,0,0,0,1,0,0,0,0,3,2,1,0,0,1,0,0,3,0,0,1,5,0,0,0,0,4,0,1,0,0,2,0,0,0,4,0,0,0,0,0,3,0,0,0,0,0,0,0,0,1,0,0,0,0,0,0,0,0,0,0,0,0,0,0,0,0,0,0,0,0,0,0,0,0,0,0,0,0,0,0,0,0,0,0,0,0,0,0,0
74250,northern trust,https://careers.northerntrust.com/jobs/personal-banker-12007,3,1,1,1,0,0,5,5,0,0,1,0,0,0,0,1,1,0,0,0,7,2,1,2,0,1,0,0,6,0,0,2,7,0,0,0,0,0,0,1,0,0,0,0,0,0,0,0,1,0,0,0,0,0,0,0,0,5,0,0,0,2,0,0,1,0,0,0,0,0,0,0,0,0,0,0,0,0,0,0,0,0,0,0,0,0,0,0,0,0,0,0,0,0,0,0,0,0,0,0,0
74362,northern trust,https://careers.northerntrust.com/jobs/senior-analyst-financial-reporting-12005,3,1,0,0,0,0,8,0,0,0,1,0,0,0,0,1,0,0,0,0,4,1,1,0,0,2,0,0,3,0,0,1,5,1,0,0,0,0,0,1,0,0,0,0,0,0,1,0,1,0,0,0,0,0,0,0,0,1,0,0,0,0,0,0,1,0,0,0,0,0,0,0,0,0,0,4,0,0,0,0,0,0,0,0,0,0,0,0,0,0,0,0,0,0,0,0,0,0,0,0,0
74477,northern trust,https://careers.northerntrust.com/jobs/consultant-investment-performance-12002,3,1,2,0,0,0,2,0,0,0,0,0,0,0,0,1,0,0,0,0,3,2,1,0,0,1,0,0,4,0,0,3,4,0,0,1,0,0,0,1,0,0,0,0,0,0,1,0,0,0,0,0,0,0,0,0,0,0,0,0,0,2,0,0,0,0,0,0,0,0,0,0,0,0,0,0,0,0,0,0,0,0,0,0,0,0,0,0,0,0,0,0,0,0,0,0,0,0,0,0,0
18034,northern trust,https://careers.northerntrust.com/jobs/senior-consultant-financial-control-12003,3,2,0,2,1,0,8,0,0,0,0,0,0,0,0,2,0,0,0,0,8,1,10,0,0,2,0,0,4,0,0,2,11,0,0,0,0,0,0,2,0,0,0,1,0,0,0,0,2,0,0,0,0,0,0,0,0,0,0,0,0,0,0,0,1,0,0,0,0,0,0,0,0,1,0,0,0,0,1,0,0,0,0,0,0,0,0,0,0,0,0,0,0,0,0,0,0,0,0,0,0
74522,northern trust,https://careers.northerntrust.com/jobs/analyst-alternative-investments-12001,3,1,0,0,0,0,2,0,0,0,0,0,0,0,0,1,0,0,0,0,7,0,1,1,0,2,0,0,2,0,0,1,8,0,0,0,0,0,0,2,0,0,0,0,0,0,0,0,0,0,0,0,1,0,0,0,0,0,0,0,0,0,0,0,0,0,0,0,0,0,0,0,0,0,0,1,0,0,0,0,0,0,0,0,0,0,0,0,0,0,0,0,0,0,0,0,0,0,1,0,0
74204,northern trust,https://careers.northerntrust.com/jobs/manager-change-management-11985,3,1,0,0,1,0,1,0,0,0,1,0,0,0,0,1,0,0,0,0,4,0,3,0,0,1,0,0,3,0,0,1,5,0,0,0,0,0,2,1,0,0,0,0,0,1,0,0,1,0,0,0,0,0,0,0,0,0,0,0,0,0,0,0,0,0,0,0,0,0,0,0,0,0,0,0,0,0,0,0,0,0,0,0,0,0,0,0,0,0,0,0,0,0,0,0,0,0,0,0,0
73286,northern trust,https://careers.northerntrust.com/jobs/analyst-financial-reporting-11974,3,1,0,0,0,0,2,0,0,0,0,0,0,0,0,1,0,0,0,0,3,5,1,0,0,2,0,0,3,0,0,1,6,0,0,0,0,0,0,3,0,0,0,0,0,0,0,0,0,0,0,0,0,0,0,0,0,0,0,0,0,5,0,0,0,0,0,0,0,0,0,0,1,1,0,1,0,0,0,0,0,0,0,0,0,0,0,0,0,0,0,0,0,0,0,0,0,0,1,0,0
74232,northern trust,https://careers.northerntrust.com/jobs/administrative-assistant-11988,3,1,1,0,0,0,3,0,0,0,0,0,0,0,0,1,0,0,0,0,3,2,1,0,0,1,0,0,1,0,0,3,5,0,0,1,0,0,0,1,0,0,0,0,0,0,1,0,0,0,0,0,0,0,0,0,0,0,0,0,0,1,0,0,0,0,0,0,0,0,0,0,0,0,0,0,0,0,0,0,0,0,0,0,0,0,0,0,0,0,0,0,0,0,0,0,0,0,0,0,0
71780,northern trust,https://careers.northerntrust.com/jobs/consultant-asset-management-middle-office-support-11987,3,1,0,0,2,0,1,0,0,0,1,0,0,0,0,1,0,0,0,0,3,0,1,0,0,1,0,0,2,0,0,1,5,0,0,0,0,0,0,2,0,0,0,0,0,0,0,0,0,0,0,0,0,0,0,0,0,0,0,0,0,1,0,0,0,0,0,0,0,0,0,0,0,0,0,0,0,0,0,0,0,0,0,0,0,0,0,0,0,0,0,0,0,0,0,0,0,0,0,0,0
74517,northern trust,https://careers.northerntrust.com/jobs/sr-consultant-trade-processing-hfs-12000,3,1,1,0,0,0,5,0,0,0,0,0,0,0,0,1,0,0,0,0,3,3,2,0,0,3,0,0,4,0,0,1,7,0,0,0,0,0,0,2,0,0,0,0,0,0,0,0,0,0,0,0,0,0,0,0,0,1,0,0,0,1,0,0,0,0,0,0,0,0,0,0,0,0,0,0,0,0,1,0,0,0,0,0,0,0,0,0,0,0,0,0,0,0,0,0,0,0,1,1,0
74532,northern trust,https://careers.northerntrust.com/jobs/enterprise-market-data-contract-administrator-11999,3,2,3,2,3,0,2,1,0,0,0,0,0,0,0,1,0,0,0,0,6,0,1,0,0,1,0,0,3,0,0,4,7,0,0,0,0,0,0,1,0,0,0,0,0,0,0,0,0,0,2,0,0,0,0,0,0,2,0,0,0,1,0,0,0,0,0,0,0,2,0,0,1,2,0,1,0,0,0,0,0,0,0,0,0,0,0,0,0,0,0,0,1,0,0,1,0,0,1,0,0
69723,northern trust,https://careers.northerntrust.com/jobs/team-lead-client-services-investment-operations-trades-team-10651,3,1,1,1,3,0,4,0,0,0,0,0,0,0,0,1,0,0,0,0,3,5,1,0,0,1,0,0,5,0,0,2,5,0,0,0,0,0,0,1,0,0,0,0,0,0,0,0,0,0,0,0,0,11,0,0,0,1,0,0,0,0,0,0,0,0,1,0,0,0,0,0,0,1,0,2,0,0,0,0,0,0,0,0,0,0,0,0,0,0,0,0,0,0,0,0,0,0,0,0,0
74502,northern trust,https://careers.northerntrust.com/jobs/analyst-securites-lending-11977,3,1,2,0,0,0,10,1,0,0,0,0,0,0,0,1,0,0,0,0,3,2,2,0,0,2,0,0,6,0,0,1,6,0,0,0,0,0,0,1,0,0,0,0,0,0,0,0,2,0,0,0,1,0,0,0,0,1,0,0,0,0,0,0,0,0,0,0,0,1,0,0,0,0,0,0,0,0,0,0,0,0,0,0,0,0,0,0,0,0,0,0,0,0,0,0,0,0,1,0,0
63965,northern trust,https://careers.northerntrust.com/jobs/insider-threat-program-senior-threat-engineer-11717,3,1,0,0,0,0,3,1,0,0,0,0,0,0,0,1,0,0,0,0,3,3,1,0,0,1,0,0,2,0,0,1,5,0,0,0,0,0,0,1,0,0,2,0,0,0,1,0,0,0,0,0,0,0,0,0,0,1,0,0,0,1,0,0,0,0,0,0,0,1,0,0,4,0,0,0,0,0,0,0,0,0,0,0,0,0,0,0,0,0,0,0,0,0,0,0,0,0,1,0,0
63966,northern trust,https://careers.northerntrust.com/jobs/senior-intelligence-analyst-insider-threat-program-11718,3,0,0,0,4,0,0,0,0,0,2,0,0,0,0,0,0,0,0,0,0,1,0,0,0,5,0,0,0,0,0,0,0,0,0,1,0,0,0,0,0,0,0,0,0,0,0,0,0,0,0,0,1,0,0,0,0,0,0,0,0,1,0,0,0,0,0,0,1,0,0,0,2,0,0,0,0,0,0,0,0,0,0,0,0,0,0,0,0,0,0,0,0,0,0,0,0,0,1,0,0
73337,northern trust,https://careers.northerntrust.com/jobs/sr-analyst-bu-financial-analysis-11232,3,0,1,0,6,0,0,1,0,0,2,0,0,0,0,0,0,0,0,0,0,2,0,0,0,5,0,0,1,0,0,0,0,0,0,0,0,0,0,0,0,0,0,0,0,0,0,0,0,0,0,0,1,0,0,0,0,0,0,0,0,1,0,0,0,0,0,0,1,0,0,0,3,0,0,0,0,0,0,0,0,0,0,0,0,0,0,0,0,0,0,0,0,0,0,0,0,0,0,0,0
71168,northern trust,https://careers.northerntrust.com/jobs/sr-analyst-bu-financial-analysis-global-service-9792,3,1,16,0,4,0,10,0,0,0,2,0,0,0,0,1,3,0,0,0,3,6,1,0,0,1,0,0,7,0,0,8,5,0,0,0,0,0,0,2,0,0,0,0,0,2,2,0,0,0,0,0,0,1,0,0,0,1,0,0,0,1,0,0,0,0,0,0,0,0,0,0,0,0,0,0,0,0,0,0,0,0,0,0,0,0,0,0,0,0,0,0,0,0,0,0,0,0,0,0,0
18058,northern trust,https://careers.northerntrust.com/jobs/senior-consultant-investor-services-8809,3,1,16,0,4,0,10,0,0,0,2,0,0,0,0,1,3,0,0,0,3,6,1,0,0,1,0,0,7,0,0,8,5,0,0,0,0,0,0,2,0,0,0,0,0,2,2,0,0,0,0,0,0,1,0,0,0,1,0,0,0,1,0,0,0,0,0,0,0,0,0,0,0,0,0,0,0,0,0,0,0,0,0,0,0,0,0,0,0,0,0,0,0,0,0,0,0,0,0,0,0
18098,northern trust,https://careers.northerntrust.com/jobs/team-lead-investor-accounting-9563,3,2,1,0,0,0,1,0,0,0,0,0,0,0,2,0,2,0,0,0,2,2,0,0,0,0,0,0,1,0,0,0,0,1,0,0,0,0,0,0,0,0,0,0,0,0,0,0,0,0,0,0,1,0,0,0,0,0,0,0,0,0,0,0,0,0,0,0,0,0,0,0,0,0,0,1,0,0,0,0,0,0,0,0,0,0,0,0,0,0,0,0,0,0,0,0,0,0,0,0,0
18068,northern trust,https://careers.northerntrust.com/jobs/senior-consultant-investor-accounting-9076,3,1,0,0,0,0,3,0,0,0,0,0,0,0,0,1,0,0,0,0,14,0,1,0,0,3,0,0,4,0,0,2,6,0,0,0,0,0,0,2,0,0,0,0,0,0,0,1,1,0,4,0,1,0,0,0,0,0,0,0,0,0,0,0,0,0,0,0,0,0,0,0,0,0,0,1,0,0,0,0,0,0,0,0,0,0,0,0,0,0,0,0,0,0,0,0,0,0,2,0,0
74491,northern trust,https://careers.northerntrust.com/jobs/recruiting-analyst-executive-search-11971,3,0,3,0,0,0,1,0,0,0,0,0,0,0,0,0,1,0,0,0,7,0,1,0,0,2,0,0,1,0,0,1,1,0,0,0,0,0,0,1,0,0,0,0,0,1,0,1,1,0,2,0,0,0,0,0,0,0,0,0,0,0,0,0,0,0,0,0,0,0,0,0,0,0,0,0,0,0,1,0,0,0,0,0,0,0,0,0,0,0,0,0,0,0,0,0,0,0,0,0,0
73816,northern trust,https://careers.northerntrust.com/jobs/applications-architect-11603,3,1,2,3,1,0,3,0,0,0,0,0,0,0,0,1,0,0,0,0,3,1,1,1,0,1,0,0,4,0,0,1,5,0,0,0,0,0,0,2,0,0,0,0,0,0,0,0,0,0,0,0,0,0,0,0,0,0,0,0,0,2,0,0,0,0,0,0,0,0,0,0,0,1,0,1,0,0,0,0,0,0,0,0,0,0,0,0,0,0,0,0,0,0,0,0,0,0,0,0,0
74492,northern trust,https://careers.northerntrust.com/jobs/specialist-applications-omnium-11970,3,1,0,0,0,0,2,0,0,0,1,0,0,0,0,0,0,0,0,0,0,2,0,0,0,5,0,0,0,0,0,0,0,0,0,0,0,0,0,0,0,0,0,0,0,0,0,0,0,0,0,0,4,0,0,0,0,0,0,0,0,2,0,0,0,0,0,0,0,0,0,0,4,0,0,0,0,0,1,0,0,0,0,0,0,0,0,0,0,0,0,0,0,0,0,0,0,0,1,0,0
18099,northern trust,https://careers.northerntrust.com/jobs/manager-private-equity-fund-accounting-hfs-11937,3,0,1,1,1,0,1,0,0,0,0,0,0,0,0,0,0,0,0,0,0,7,0,0,0,3,0,0,3,0,0,0,0,0,0,0,0,0,1,0,0,0,0,0,0,0,0,0,0,0,0,0,6,0,0,0,0,0,0,0,0,1,0,0,0,0,0,0,0,0,0,0,0,0,0,0,0,0,2,0,0,0,0,0,0,0,0,0,0,0,0,0,0,0,0,0,0,0,0,0,0
18066,northern trust,https://careers.northerntrust.com/jobs/senior-consultant-private-equity-fund-accounting-hfs-11938,3,1,0,0,0,0,3,0,0,0,0,0,0,0,0,1,0,0,0,0,12,0,1,0,0,3,0,0,3,0,0,2,6,0,0,0,0,0,0,2,0,0,0,0,0,0,0,1,1,0,2,0,1,0,0,0,0,0,0,0,0,0,0,0,0,0,0,0,0,0,0,0,0,0,0,1,0,0,0,0,0,0,0,0,0,0,0,0,0,0,0,0,0,0,0,0,0,0,2,0,0
74357,northern trust,https://careers.northerntrust.com/jobs/business-process-analyst-11830,3,1,2,0,0,0,1,0,0,0,0,0,0,0,0,1,1,0,0,0,8,0,1,0,0,3,0,0,2,0,0,2,6,0,0,0,0,0,0,2,0,0,0,0,0,1,0,1,1,0,0,0,0,0,0,0,0,0,0,0,0,0,0,0,0,0,0,0,0,0,0,0,0,0,0,0,0,0,1,0,0,0,0,0,0,0,0,0,0,0,0,0,0,0,0,0,0,0,0,0,0
74380,northern trust,https://careers.northerntrust.com/jobs/personal-wealth-management-trust-associate-11945,3,1,4,0,8,0,1,1,0,0,1,0,0,0,0,1,0,0,0,0,3,1,3,1,0,1,0,0,2,0,0,1,6,0,0,0,0,0,0,1,0,0,0,0,0,0,0,0,0,0,0,0,2,0,0,0,0,0,0,0,0,0,0,0,1,0,0,0,0,0,0,0,0,0,0,0,0,0,1,0,0,0,0,0,0,0,0,0,0,0,0,0,0,0,0,0,0,0,0,0,0
74388,northern trust,https://careers.northerntrust.com/jobs/sr-teller-lakeforest-11944,3,2,1,0,0,0,8,0,0,0,3,0,0,0,0,1,0,0,0,0,3,3,3,0,0,1,0,0,6,0,0,1,5,0,0,0,0,0,0,1,0,0,0,0,0,0,2,0,0,0,0,0,3,0,0,0,0,0,0,0,0,0,0,0,1,0,0,0,0,2,0,0,0,0,0,0,0,0,0,0,0,0,0,0,0,0,0,0,0,0,0,0,0,0,0,0,0,0,0,0,0
74427,northern trust,https://careers.northerntrust.com/jobs/account-manager-%E2%80%93-commercial-banking-11943,3,4,0,0,0,0,4,0,0,0,1,0,0,0,0,1,0,0,0,0,3,2,1,0,0,1,0,0,2,0,0,1,5,0,0,0,0,1,0,1,0,0,1,0,0,0,14,0,1,0,0,0,0,0,0,0,0,0,0,0,0,0,0,0,0,0,0,0,0,0,0,0,0,0,0,1,0,0,0,0,0,0,1,0,0,0,0,0,0,0,0,0,1,0,0,0,0,0,0,0,0
73449,northern trust,https://careers.northerntrust.com/jobs/corporate-recruiter-banking-and-financial-services-11942,3,1,1,0,0,0,9,0,0,0,4,0,0,0,0,1,0,0,0,0,3,1,1,0,0,1,0,0,2,0,0,1,5,0,0,0,0,0,0,1,0,0,0,0,0,0,4,0,0,0,0,0,1,1,0,0,0,0,0,0,0,0,0,0,0,0,0,0,0,0,0,0,0,0,0,1,0,0,0,0,0,0,0,0,0,0,0,0,0,0,0,0,0,0,0,0,0,0,0,0,3
74387,northern trust,https://careers.northerntrust.com/jobs/sr-teller-11941,3,1,1,0,0,0,2,0,0,0,0,0,0,0,0,1,0,0,0,0,3,2,1,0,0,1,0,0,3,0,0,1,5,0,0,0,0,0,0,1,0,0,0,0,0,1,0,0,0,0,0,0,0,0,0,0,0,0,0,0,0,0,0,0,0,0,0,0,0,0,0,0,0,0,0,0,0,0,0,0,0,0,0,0,0,0,0,0,0,0,0,0,0,0,0,0,0,0,0,0,0
74367,northern trust,https://careers.northerntrust.com/jobs/user-experience-manager-11939,3,4,0,0,0,0,3,0,0,0,1,0,0,0,0,1,0,0,0,0,3,2,1,0,0,1,0,0,2,0,0,1,5,0,0,0,0,1,0,1,0,0,1,0,0,0,14,0,1,0,0,0,0,0,0,0,0,0,0,0,0,0,0,0,0,0,0,0,0,0,0,0,0,0,0,1,0,0,0,0,0,0,1,0,0,0,0,0,0,0,0,0,1,0,0,0,0,0,0,0,0
74499,northern trust,https://careers.northerntrust.com/jobs/senior-analyst-securities-pricing-11940,3,1,2,0,0,0,3,0,0,6,0,0,0,0,0,1,0,0,0,0,3,2,1,0,0,4,0,0,3,0,0,2,5,0,0,0,0,0,0,1,0,0,0,0,0,0,0,0,0,0,0,0,1,0,0,0,0,0,0,0,0,0,0,0,0,0,0,0,0,0,0,0,0,1,0,0,0,0,1,0,0,0,0,0,0,0,0,0,0,0,0,0,0,0,0,0,0,0,0,0,0
74098,northern trust,https://careers.northerntrust.com/jobs/consultant-controller-hfs-11589,3,1,1,1,1,0,1,0,0,0,1,0,0,0,0,1,0,0,0,0,4,1,1,0,0,1,0,0,2,0,0,1,5,0,0,0,0,0,1,1,0,0,0,0,0,0,0,0,0,0,0,0,0,0,0,0,0,0,0,0,0,2,0,0,0,0,0,0,0,0,0,0,1,1,0,0,0,0,0,0,0,0,0,0,0,0,0,0,0,0,0,0,0,0,0,0,0,0,0,0,0
68897,northern trust,https://careers.northerntrust.com/jobs/manager-accounting-fees-gfm-f-11936,3,1,0,0,1,0,4,0,0,0,0,0,0,0,0,1,0,0,0,0,6,0,1,0,0,1,0,0,3,0,0,2,7,0,0,0,0,0,0,2,0,0,0,0,0,0,0,0,0,0,0,0,0,0,0,0,0,1,0,0,0,1,0,0,0,0,0,0,0,0,0,0,0,1,0,1,0,0,2,0,0,0,0,0,0,0,0,0,0,0,0,0,0,0,0,0,0,0,1,0,0
74223,northern trust,https://careers.northerntrust.com/jobs/technical-coordinator-fund-accounting-11925,3,1,5,0,0,0,1,0,0,0,3,0,0,0,0,1,0,0,0,0,4,1,1,0,0,1,0,0,12,0,0,1,5,0,0,0,0,0,0,1,0,0,0,0,0,0,0,0,0,0,0,0,2,0,0,0,0,4,0,0,0,3,0,0,0,0,0,0,0,0,0,0,0,0,0,1,0,0,1,0,0,0,0,0,0,0,5,0,0,0,0,0,0,0,0,0,0,0,1,0,0
63777,northern trust,https://careers.northerntrust.com/jobs/multi-asset-class-product-manager-strategic-product-group-11923,3,1,2,0,0,0,2,0,0,0,1,0,0,0,0,1,0,0,0,0,4,2,1,0,0,1,0,0,3,0,0,3,5,0,0,1,0,0,0,1,0,0,0,0,0,0,0,0,0,0,0,0,0,0,0,0,0,0,0,0,0,2,0,0,0,0,0,0,0,0,0,0,0,0,0,0,0,0,0,0,0,0,0,0,0,0,0,0,0,0,0,0,0,0,0,0,0,0,0,0,0
74479,northern trust,https://careers.northerntrust.com/jobs/manager-global-financial-control-sox-11917,3,1,0,3,0,0,1,0,0,0,0,0,0,0,0,1,1,0,0,0,3,2,10,0,0,1,0,0,10,0,0,1,8,0,0,0,0,0,0,1,0,0,0,0,0,0,0,0,0,0,0,2,5,0,0,3,0,0,0,0,0,1,2,0,0,0,0,0,1,0,0,0,0,5,0,0,0,0,0,0,0,0,0,0,0,0,1,0,0,0,0,0,0,0,0,0,0,0,1,0,2
74404,northern trust,https://careers.northerntrust.com/jobs/associate-accountant-fund-accountng-11910,3,1,3,0,0,0,3,4,0,0,3,0,0,0,0,1,0,0,0,0,3,1,1,0,0,1,0,0,6,0,0,2,5,0,0,0,0,0,0,1,0,0,0,0,0,0,0,0,0,0,0,0,0,0,0,0,0,3,0,0,0,0,0,0,4,0,0,0,0,0,0,0,0,0,0,0,0,0,1,0,0,0,0,0,0,0,0,0,0,0,0,0,0,0,0,0,0,0,1,0,0
19007,northern trust,https://careers.northerntrust.com/jobs/sr-analyst-fx-client-service-11907,3,1,0,0,0,0,1,0,0,0,0,0,0,0,0,1,0,0,0,0,4,0,2,0,0,1,0,0,2,0,0,1,6,0,0,0,0,0,0,1,0,0,0,0,0,0,1,0,0,0,0,0,0,0,0,0,0,0,0,0,0,1,0,0,0,0,0,0,0,0,0,0,0,0,0,0,0,0,0,0,0,0,0,0,0,0,0,0,0,0,0,0,0,0,0,0,0,0,0,0,0
69728,northern trust,https://careers.northerntrust.com/jobs/operational-excellence-business-process-analyst-senior-consultant-11906,3,0,0,2,0,0,0,2,0,0,0,0,0,0,0,0,0,0,0,0,0,0,0,0,0,0,0,0,2,0,0,2,0,0,0,0,0,0,0,0,0,0,0,0,0,0,2,0,0,0,0,0,0,0,0,0,0,0,0,0,0,0,0,0,0,0,1,0,0,0,0,0,0,0,0,0,0,0,2,0,0,0,0,0,0,0,0,0,0,0,0,0,3,0,0,0,0,0,0,0,0
72025,northern trust,https://careers.northerntrust.com/jobs/visual-designer-11885,3,1,2,0,3,0,4,0,0,0,0,0,0,0,0,1,0,0,0,0,3,2,2,0,0,1,0,0,5,0,0,1,5,0,0,0,0,0,0,1,0,0,0,0,0,0,0,0,0,1,0,0,2,0,0,0,0,0,0,0,0,0,0,0,0,0,0,0,0,0,0,0,0,0,0,0,0,0,2,0,0,0,0,0,0,0,0,0,0,0,0,0,0,0,0,0,0,0,1,0,0
72024,northern trust,https://careers.northerntrust.com/jobs/junior-visual-designer-11886,3,1,0,0,1,0,1,0,0,2,0,0,0,0,0,1,0,0,0,0,3,2,1,0,0,1,0,0,3,0,0,1,6,0,0,0,0,0,0,1,0,0,0,0,0,0,0,0,0,0,0,0,1,0,0,0,0,0,0,0,0,0,0,0,0,0,0,0,0,0,0,0,0,0,0,0,0,0,0,0,0,0,0,0,0,0,0,0,0,0,0,0,0,0,0,0,0,0,0,0,0
73942,northern trust,https://careers.northerntrust.com/jobs/shared-services-problem-manager-11883,3,1,0,0,1,0,1,0,0,1,0,0,0,0,0,1,0,0,0,0,3,1,1,0,0,1,0,0,2,0,0,1,8,0,0,0,0,0,0,1,0,0,0,0,0,0,0,0,0,0,0,0,1,0,0,0,0,0,0,0,0,0,0,0,0,0,0,0,0,0,0,0,0,0,0,0,0,0,0,0,0,0,0,0,0,0,0,0,0,0,0,0,0,0,0,0,0,0,0,0,0
74398,northern trust,https://careers.northerntrust.com/jobs/analyst-institutional-fund-accounting-11884,3,0,2,0,0,0,3,1,0,0,0,0,0,0,0,0,0,0,0,0,0,4,0,0,0,0,0,0,6,0,0,0,0,0,0,1,0,0,0,0,0,0,0,0,0,0,0,0,1,3,0,0,4,0,0,0,0,0,0,0,0,1,0,0,0,0,0,0,0,0,0,0,0,0,0,0,0,0,0,0,0,0,0,1,0,0,0,0,0,0,0,0,0,0,0,0,0,0,2,0,0
74446,northern trust,https://careers.northerntrust.com/jobs/representative-client-service-banking-operations-11882,3,0,1,1,0,0,0,0,0,0,1,0,0,0,0,0,0,0,0,0,5,1,4,0,0,0,0,0,0,0,0,0,0,0,0,0,0,0,0,0,0,0,0,0,0,0,1,0,0,0,0,0,0,0,0,0,0,0,0,0,0,1,0,0,0,0,0,0,0,0,0,0,1,0,0,0,0,0,0,0,0,0,0,0,0,0,0,0,0,0,0,0,0,0,0,0,0,0,0,0,0
47413,northern trust,https://careers.northerntrust.com/jobs/wealth-strategist-11878,3,2,0,0,0,0,2,0,0,0,4,0,0,0,0,1,0,0,0,0,3,1,2,0,0,1,0,0,2,0,0,1,5,1,0,0,0,0,1,1,0,0,0,0,0,0,1,0,0,0,0,0,0,0,0,0,0,0,0,0,0,2,0,0,0,0,0,0,0,0,0,0,0,0,0,0,0,0,0,0,0,0,0,0,0,0,0,0,0,0,0,0,0,0,0,0,0,0,1,0,0
73113,northern trust,https://careers.northerntrust.com/jobs/wealth-strategist-sales-associate-11861,3,7,3,0,0,0,12,0,0,0,2,0,1,0,0,1,0,0,0,0,3,1,3,0,0,1,0,0,5,0,0,1,8,0,0,0,0,0,1,5,0,0,1,0,0,0,1,0,0,0,0,0,0,0,0,0,0,0,0,0,0,0,0,0,0,0,0,0,0,0,0,0,2,0,0,0,0,0,0,0,0,0,0,0,0,0,0,0,0,0,0,0,0,0,0,0,0,0,0,0,0
73799,northern trust,https://careers.northerntrust.com/jobs/foundations-endownments-non-profit-investment-sales-officer-11860,3,1,0,2,0,0,2,0,0,0,3,0,0,0,0,1,0,0,0,0,3,0,2,0,0,1,0,0,6,0,0,1,5,0,0,0,0,0,0,2,0,0,0,0,0,0,0,0,0,0,0,0,0,0,0,0,0,0,0,0,0,0,0,0,0,0,0,0,0,0,0,0,0,0,0,0,0,0,0,0,0,0,0,0,0,0,0,0,0,0,0,0,0,0,0,0,0,0,0,0,0
74140,northern trust,https://careers.northerntrust.com/jobs/associate-accountant-finance-fees-11849,3,1,1,6,0,0,4,0,0,0,0,0,0,0,0,1,0,0,0,0,3,1,6,0,0,1,0,0,5,0,0,1,8,0,0,2,0,0,0,2,0,0,0,0,0,0,0,0,0,0,0,0,0,0,0,0,0,0,0,0,0,2,0,0,0,0,0,0,1,0,0,0,0,2,0,0,0,0,0,0,0,0,0,0,0,0,0,0,1,0,0,0,0,0,0,0,0,0,0,0,0
73833,northern trust,https://careers.northerntrust.com/jobs/specialist-technology-risk-and-information-security-11848,3,1,0,0,0,0,1,0,0,0,0,0,0,0,0,1,0,0,0,0,3,1,1,0,0,1,0,0,5,0,0,1,5,0,0,0,0,0,0,1,0,0,0,0,0,0,1,0,0,0,0,0,0,0,0,0,0,1,0,0,0,0,0,0,0,0,0,0,0,0,0,1,0,0,0,0,0,0,0,0,0,0,0,0,0,0,5,0,0,0,0,0,0,0,0,0,0,0,1,0,0
73028,northern trust,https://careers.northerntrust.com/jobs/omnium-platform-strategy-analysis-consultant-hfs-11847,3,1,1,0,0,0,3,0,0,0,1,0,0,0,0,2,0,0,0,0,3,0,1,0,0,2,0,0,2,0,0,1,5,0,0,7,0,0,0,1,0,0,0,0,0,0,0,0,0,0,0,0,1,0,0,0,0,0,0,0,0,1,0,0,0,0,0,0,0,0,0,0,6,0,0,0,0,0,0,0,0,0,0,0,0,0,0,0,0,0,0,0,0,0,0,0,0,0,0,0,0
74299,northern trust,https://careers.northerntrust.com/jobs/consultant-global-foreign-exchange-11846,3,1,0,0,11,0,1,0,0,0,1,0,0,0,0,1,0,0,0,0,4,9,2,0,0,5,0,0,6,0,0,1,7,0,0,0,0,0,0,1,0,0,0,0,0,0,0,0,0,0,0,0,7,0,0,0,0,2,0,0,0,0,0,0,0,0,0,0,0,0,0,0,0,0,0,0,0,0,0,0,0,0,0,0,0,0,0,0,0,0,0,0,0,0,0,0,0,0,0,0,0
19003,northern trust,https://careers.northerntrust.com/jobs/specialist-accounting-11845,3,1,0,0,0,0,1,0,0,0,0,0,0,0,0,1,0,0,0,0,3,1,1,1,0,1,0,0,3,0,0,1,5,0,0,0,0,0,0,1,0,0,0,0,0,0,0,0,0,0,0,0,0,0,0,0,0,0,0,0,0,1,0,0,1,0,0,0,0,1,0,0,0,0,0,0,0,0,0,0,0,0,0,0,0,0,0,0,0,0,0,0,0,0,0,0,0,0,0,1,0
74063,northern trust,https://careers.northerntrust.com/jobs/administrative-assistant-11844,3,1,11,0,2,0,1,1,0,0,0,0,0,0,0,1,0,0,0,0,3,3,1,1,0,1,0,0,2,0,0,2,5,0,0,0,0,0,0,1,0,0,0,0,0,0,0,0,0,0,0,0,0,0,0,0,0,5,0,0,0,0,0,0,0,0,0,0,0,0,0,5,0,0,0,0,0,0,3,0,0,0,0,0,0,0,0,0,0,0,0,0,0,0,0,0,0,0,0,0,0
74305,northern trust,https://careers.northerntrust.com/jobs/executive-dining-server-11840,3,1,0,1,2,0,1,0,0,0,0,0,0,0,0,1,0,0,0,0,3,0,1,0,0,1,0,0,3,0,0,1,5,0,0,0,0,0,0,3,0,0,0,0,0,0,0,0,0,0,0,0,0,0,0,0,0,0,0,0,0,4,0,0,0,0,0,0,0,0,0,0,1,0,0,0,0,0,0,0,0,0,0,0,0,0,0,0,0,0,0,0,0,0,0,0,0,0,0,0,0
74318,northern trust,https://careers.northerntrust.com/jobs/analyst-alternative-investments-11833,3,1,0,0,0,0,7,0,0,0,0,0,0,0,0,1,0,0,0,0,3,1,1,0,0,1,0,0,3,0,0,1,5,0,0,0,0,0,0,1,0,0,0,0,0,0,0,0,1,0,0,0,0,0,0,0,0,0,0,0,0,0,0,0,0,0,0,0,0,0,0,0,0,0,0,1,0,0,0,0,0,0,0,0,0,0,0,0,0,0,0,0,0,0,0,0,0,0,1,0,0
74209,northern trust,https://careers.northerntrust.com/jobs/manager-ii-sox-soc-testing-team-11829,3,1,0,0,1,0,1,0,0,0,1,0,0,0,0,1,0,0,0,0,4,0,3,0,0,1,0,0,2,0,0,1,5,0,0,0,0,0,2,1,0,0,0,0,0,1,0,0,1,0,0,0,0,0,0,0,0,0,0,0,0,0,0,0,0,0,0,0,0,0,0,0,0,0,0,0,0,0,0,0,0,0,0,0,0,0,0,0,0,0,0,0,0,0,0,0,0,0,0,0,0
19004,northern trust,https://careers.northerntrust.com/jobs/associate-banking-advisor-11826,3,2,3,0,0,0,3,0,0,0,0,0,0,0,0,1,0,0,0,0,3,2,1,2,0,1,0,0,8,0,0,3,5,0,0,0,0,0,0,1,0,0,0,0,0,0,0,0,0,0,0,0,2,0,0,0,0,4,0,0,0,2,0,0,3,0,0,0,0,0,0,0,0,0,0,0,0,0,0,0,0,0,0,0,0,0,0,0,0,0,0,0,0,0,0,0,0,0,0,0,0
74373,northern trust,https://careers.northerntrust.com/jobs/svp-it-risk-and-compliance-11825,3,1,4,1,0,0,7,0,0,0,4,0,0,0,0,1,0,0,0,0,3,5,1,0,0,1,0,0,3,0,0,1,5,0,0,0,0,5,0,1,0,0,10,0,0,0,4,0,0,0,0,0,4,0,0,0,0,0,0,0,0,0,0,0,3,0,0,0,0,0,0,0,0,0,0,0,0,0,0,0,0,0,0,0,0,0,0,0,0,0,0,0,0,0,0,0,0,0,0,0,2
73666,northern trust,https://careers.northerntrust.com/jobs/senior-consultant-business-architecture-11823,3,0,1,0,1,0,1,2,0,0,0,0,0,0,0,0,0,0,0,0,0,6,0,1,0,3,0,0,6,0,0,0,0,0,0,0,0,0,0,0,0,0,0,0,0,0,0,0,1,0,0,0,1,2,0,0,0,2,0,0,0,1,0,0,6,0,0,0,0,0,0,0,2,0,0,0,0,0,0,0,0,0,0,0,0,0,0,0,0,0,0,0,0,0,0,0,0,0,0,0,0
74241,northern trust,https://careers.northerntrust.com/jobs/senior-auditor-sox-soc1-11694,3,1,3,0,4,0,3,2,0,0,0,0,0,0,0,1,0,0,0,0,3,8,1,1,0,2,0,0,3,0,0,2,5,0,0,0,0,0,0,3,0,0,0,0,0,0,0,0,0,0,0,0,2,0,0,0,0,0,0,0,0,3,0,0,0,0,0,0,0,0,0,0,0,0,0,0,0,0,2,0,0,0,0,0,0,0,0,0,0,0,0,0,0,0,0,0,0,0,0,0,0
74248,northern trust,https://careers.northerntrust.com/jobs/personal-trust-wealth-management-associate-11808,3,1,1,0,0,0,3,0,0,0,1,0,0,0,0,1,0,0,0,0,3,3,1,0,0,1,0,0,2,0,0,1,5,0,0,0,0,0,0,1,0,0,0,0,0,0,0,0,0,0,0,0,1,0,0,0,0,2,0,0,0,1,0,0,0,0,0,0,0,0,0,0,0,1,0,0,0,0,0,0,0,0,0,0,0,0,0,0,0,0,0,0,0,0,0,0,0,0,0,0,0
74256,northern trust,https://careers.northerntrust.com/jobs/pers-bkg-mgr-11806,3,2,1,0,0,0,5,0,0,0,1,0,0,0,0,1,0,0,0,0,3,4,6,0,0,1,0,0,7,0,0,1,5,0,0,0,0,0,0,2,0,0,0,0,0,0,2,0,1,0,0,0,2,0,0,0,0,0,0,0,0,0,1,0,1,0,0,0,0,0,0,0,0,0,0,1,0,0,0,0,0,0,0,0,0,0,0,0,0,0,0,0,0,0,0,0,0,0,0,0,0
72656,northern trust,https://careers.northerntrust.com/jobs/analyst-otc-middle-office-asset-services-hedge-fund-services-11807,3,0,0,0,0,0,8,1,0,0,2,0,0,0,0,0,0,0,0,0,1,3,0,0,0,1,0,0,6,0,0,0,0,1,0,0,0,0,0,0,0,0,0,0,0,0,0,0,1,0,0,0,2,0,0,0,0,0,0,0,0,0,0,0,1,0,0,0,0,0,0,0,1,0,0,1,0,0,0,0,0,0,0,0,0,0,0,0,0,0,0,0,0,0,0,0,0,0,0,0,0
73514,northern trust,https://careers.northerntrust.com/jobs/client-service-manager-global-fund-services-gfs-fund-accounting-11804,3,1,1,0,0,0,3,1,0,0,0,0,0,0,11,3,0,0,0,0,3,1,1,0,0,2,0,0,5,0,0,1,9,0,0,1,0,0,0,1,0,0,0,1,0,0,4,0,0,0,0,0,1,0,0,0,0,1,0,0,0,0,0,0,0,0,0,0,0,3,0,0,0,0,0,0,0,0,0,0,0,0,0,0,0,0,0,0,0,0,0,0,0,0,0,0,0,0,1,0,0
74237,northern trust,https://careers.northerntrust.com/jobs/analyst-financial-crimes-investigation-11802,3,1,1,0,0,0,10,1,0,0,2,0,0,0,0,1,0,0,0,0,3,2,1,0,0,1,0,0,5,0,0,1,5,0,0,0,0,0,0,1,0,0,0,0,0,0,1,0,0,0,0,0,1,0,0,0,0,0,0,0,0,0,0,0,1,0,0,0,0,0,0,0,0,0,0,0,0,0,1,0,0,0,0,0,0,0,0,0,0,0,0,0,0,0,0,0,0,0,0,0,0
66547,northern trust,https://careers.northerntrust.com/jobs/associate-banking-advisor-11803,3,2,3,0,0,0,3,0,0,0,2,0,0,0,0,1,0,0,0,0,3,0,1,0,0,1,0,0,3,0,0,1,6,0,0,2,0,0,0,1,0,0,0,0,0,1,3,0,1,0,0,0,0,0,0,0,0,0,0,0,0,0,0,0,0,0,0,0,0,0,0,0,1,0,0,0,0,0,0,0,0,0,0,0,0,0,0,0,0,0,0,0,0,0,0,0,0,0,0,0,1
72731,northern trust,https://careers.northerntrust.com/jobs/fx-business-analyst-11800,3,1,4,1,0,0,9,0,0,0,4,0,0,0,0,1,0,0,0,0,3,6,1,0,0,2,0,0,4,0,0,1,5,0,0,0,0,6,0,1,0,0,10,0,0,0,4,0,0,0,0,0,4,0,0,0,0,0,0,0,0,2,0,0,3,0,0,0,0,0,0,0,0,0,0,0,0,0,0,0,0,0,0,0,0,0,0,0,0,0,0,0,0,0,0,0,0,0,0,0,1
72441,northern trust,https://careers.northerntrust.com/jobs/senior-analyst-investment-risk-analytics-11801,3,0,0,1,1,0,0,1,0,0,0,0,0,0,2,0,1,0,0,0,0,5,0,1,0,2,0,0,3,0,0,1,2,0,0,0,0,0,0,0,0,0,0,0,0,0,0,0,0,0,0,0,1,0,0,0,0,0,0,0,0,0,0,0,0,0,0,1,0,1,0,0,0,0,0,0,0,0,1,0,0,0,0,0,0,0,0,0,0,0,0,0,1,0,0,0,0,0,1,0,0
73794,northern trust,https://careers.northerntrust.com/jobs/analyst-investment-performance-reporting-11799,3,1,0,2,2,0,1,6,0,0,1,0,0,0,0,1,1,0,0,0,3,3,5,0,0,1,0,0,8,0,0,3,8,0,0,0,0,0,0,1,0,0,0,1,0,0,0,0,1,0,0,0,0,0,0,0,0,0,0,0,0,0,0,0,0,0,0,1,0,0,0,0,0,1,0,0,0,0,0,0,0,0,0,0,0,0,0,0,0,0,0,0,0,0,0,0,0,0,1,0,0
74060,northern trust,https://careers.northerntrust.com/jobs/hr-benefits-analyst-11787,3,1,0,0,1,0,1,0,0,0,1,0,0,0,0,1,0,0,0,0,3,0,2,0,0,1,0,0,2,0,0,1,5,0,0,0,0,0,0,1,0,0,0,0,0,0,0,0,0,0,0,0,0,0,0,0,0,0,0,0,0,1,1,0,0,0,0,0,0,0,0,0,0,0,0,0,0,0,0,0,0,0,0,0,0,0,0,0,0,0,0,0,0,0,0,0,0,0,0,0,0
74254,northern trust,https://careers.northerntrust.com/jobs/senior-accountant-11782,3,1,0,0,4,0,1,0,0,0,3,0,0,0,0,1,0,0,0,0,3,0,2,2,0,1,0,0,6,0,0,1,5,0,0,0,0,0,0,1,0,0,0,0,0,1,0,0,0,0,0,0,0,0,0,1,0,0,0,0,0,1,1,0,1,0,0,0,0,0,0,0,0,0,0,0,0,0,0,0,0,0,0,0,0,0,0,0,0,0,0,0,0,0,0,0,0,0,1,0,0
73807,northern trust,https://careers.northerntrust.com/jobs/associate-specialist-service-delivery-11607,3,1,9,0,0,0,1,0,0,0,0,0,0,0,0,1,0,0,0,0,3,2,2,2,0,1,0,0,4,0,0,1,5,0,0,0,0,0,0,1,0,0,0,0,0,0,1,0,0,0,1,0,0,0,0,0,0,0,0,0,0,0,0,0,0,0,0,0,0,0,0,0,0,1,0,0,0,0,0,0,0,0,0,0,0,0,0,0,0,0,0,0,0,0,0,0,0,0,0,0,0
74290,northern trust,https://careers.northerntrust.com/jobs/senior-analyst-reconciliations-11768,3,0,0,0,0,0,6,0,0,0,0,0,0,0,0,0,0,0,0,0,0,7,0,0,0,0,0,0,1,0,0,0,0,0,0,0,0,0,0,0,0,0,0,0,0,0,0,0,0,0,0,0,4,0,0,0,0,0,0,0,0,0,0,0,0,0,0,0,0,0,0,0,0,0,0,0,0,0,0,0,0,0,0,0,0,0,0,0,0,0,0,0,0,0,0,0,0,0,0,0,0
73793,northern trust,https://careers.northerntrust.com/jobs/client-trade-operations-analyst-11763,3,1,1,0,0,0,1,0,0,0,0,0,0,0,0,1,0,0,0,0,3,2,1,0,0,1,0,0,2,0,0,1,5,0,0,0,0,0,0,1,0,0,0,0,0,0,2,0,0,0,0,0,0,0,0,0,0,0,0,0,0,1,0,0,0,0,0,0,0,0,0,0,1,0,0,0,0,0,0,0,0,0,0,0,0,0,0,0,0,0,0,0,0,0,0,0,0,0,0,0,0
74304,northern trust,https://careers.northerntrust.com/jobs/consultant-fiduciary-risk-11761,3,1,0,0,0,0,7,0,0,0,2,0,0,0,3,1,0,0,0,0,3,1,2,0,0,1,0,0,3,0,0,1,5,0,0,0,0,0,0,1,0,0,0,0,0,0,2,0,0,0,0,0,0,0,0,0,0,0,0,0,0,1,0,0,0,0,0,0,0,0,0,0,0,0,0,0,0,0,0,0,0,0,0,0,0,0,0,0,0,0,0,0,0,0,0,0,0,0,0,0,0
74205,northern trust,https://careers.northerntrust.com/jobs/relationship-manager-gfo-11743,3,1,0,0,0,0,1,8,0,0,1,0,0,0,0,1,0,0,0,0,3,3,1,3,0,1,0,0,8,0,0,1,5,0,0,0,0,0,0,2,0,0,0,0,0,0,1,0,1,0,0,0,2,0,0,0,0,2,0,0,0,1,0,0,6,0,0,0,0,0,0,0,0,0,0,0,0,0,1,0,0,0,0,0,0,0,0,0,0,0,0,0,0,0,0,0,0,0,0,0,0
74252,northern trust,https://careers.northerntrust.com/jobs/specialist-business-architecture-11742,3,4,1,1,0,0,9,0,0,0,1,0,0,0,0,1,0,0,0,0,3,2,1,1,0,1,0,0,6,0,0,1,7,0,0,0,0,0,0,1,0,0,0,0,0,0,0,0,0,0,0,0,1,0,0,0,0,0,0,0,0,0,0,0,0,0,0,0,0,0,0,0,0,1,0,0,0,0,0,0,0,0,0,0,0,0,1,0,0,0,0,0,0,0,0,0,0,0,0,0,0
72498,northern trust,https://careers.northerntrust.com/jobs/consultant-swaps-and-capital-markets-compliance-11738,3,1,2,0,3,0,2,2,0,0,0,0,0,0,0,1,0,0,0,0,3,9,1,1,0,1,0,0,3,0,0,2,5,0,0,0,0,0,0,1,0,0,0,0,0,0,0,0,0,0,0,0,2,0,0,0,0,0,0,0,0,2,0,0,0,0,0,0,0,0,0,0,0,0,0,0,0,0,1,0,0,0,0,0,0,0,0,0,0,0,0,0,0,0,0,0,0,0,0,0,0
72079,northern trust,https://careers.northerntrust.com/jobs/security-master-and-corporate-actions-analyst-11739,3,5,0,4,1,0,1,3,0,0,1,0,0,0,1,1,4,0,0,0,3,1,1,3,0,1,0,0,3,0,0,1,5,0,0,0,0,0,0,1,0,0,0,0,0,0,0,0,0,0,0,0,0,0,0,0,0,0,0,0,0,0,0,0,8,0,0,0,0,0,0,0,0,0,0,0,0,0,0,0,0,0,0,0,0,1,0,0,0,0,0,0,0,0,0,0,0,0,0,0,0
74136,northern trust,https://careers.northerntrust.com/jobs/credit-portfolio-manager-11737,3,1,2,3,9,0,2,1,0,0,1,0,0,0,0,1,0,0,0,0,3,0,1,0,0,1,0,0,2,0,0,2,6,0,0,0,0,0,0,2,0,0,0,0,0,1,0,0,1,0,0,0,0,0,0,0,0,1,0,0,0,0,0,0,0,0,0,0,0,0,0,0,7,0,0,0,0,0,0,0,0,0,0,0,0,0,0,0,1,0,0,0,0,0,0,0,0,0,0,0,0
74064,northern trust,https://careers.northerntrust.com/jobs/associate-director-of-philanthropic-advisory-services-11735,3,1,6,0,0,0,1,3,0,0,1,0,0,0,0,1,0,0,0,0,3,0,1,0,0,1,0,0,4,0,0,1,5,0,0,0,0,13,0,1,0,0,6,0,0,0,0,0,0,0,0,0,0,0,0,0,0,0,0,0,0,0,0,0,1,0,0,0,0,0,0,0,0,0,0,0,0,0,0,0,0,0,0,0,0,0,0,0,0,0,0,0,0,0,0,0,0,0,0,0,0
74234,northern trust,https://careers.northerntrust.com/jobs/account-manager-commercial-bk-11732,3,1,0,0,0,0,6,1,0,0,1,0,0,0,0,1,0,0,0,0,4,3,2,1,0,1,0,0,5,0,0,1,5,1,0,0,0,0,0,4,0,0,0,0,0,0,0,0,0,0,0,0,2,0,0,0,0,0,0,0,0,1,0,0,1,0,0,0,0,0,0,0,0,4,0,0,0,0,0,0,0,0,0,0,0,0,0,0,0,0,0,0,0,0,0,0,0,0,0,1,0
71714,northern trust,https://careers.northerntrust.com/jobs/portfolio-banking-advisor-11722,3,0,1,1,0,0,3,2,0,0,0,0,1,0,0,0,0,0,0,0,0,1,0,0,0,0,0,0,3,0,0,0,0,1,0,0,0,2,0,0,0,0,11,0,0,0,1,0,0,0,0,0,0,0,0,0,0,0,0,0,0,1,0,0,5,0,0,0,0,0,0,0,0,0,0,0,0,0,0,0,0,0,0,0,0,0,0,0,0,0,0,0,0,0,0,0,0,0,2,0,2
74213,northern trust,https://careers.northerntrust.com/jobs/team-lead-banking-operations-11721,3,2,1,0,0,0,6,4,0,0,0,0,0,0,0,1,0,0,0,0,3,3,3,1,0,1,0,0,9,0,0,1,5,0,0,0,0,5,0,2,0,0,0,0,0,0,0,0,0,0,0,0,1,0,0,0,0,0,0,0,0,0,0,0,0,0,0,0,0,0,0,0,0,2,0,1,0,0,1,0,0,0,0,0,0,0,0,0,0,0,0,0,0,0,0,0,0,0,0,0,1
67509,northern trust,https://careers.northerntrust.com/jobs/sr-wealth-strategist-11719,3,3,1,0,0,0,1,0,0,0,0,0,0,0,0,1,0,0,0,0,3,2,1,0,0,1,0,0,8,0,0,1,5,0,0,0,0,0,0,1,0,0,0,0,0,0,1,0,0,0,0,0,3,0,0,0,0,0,0,0,0,1,0,0,1,0,0,0,0,0,0,1,0,0,0,0,0,0,0,0,0,0,0,0,0,0,0,0,0,0,0,0,0,0,0,0,0,0,0,0,0
73224,northern trust,https://careers.northerntrust.com/jobs/senior-analyst-asset-management-middle-office-support-11708,3,6,3,0,0,0,11,0,0,0,2,0,1,0,0,0,0,0,0,0,0,1,2,0,0,0,0,0,3,0,0,0,3,0,0,0,0,0,1,4,0,0,1,0,0,0,1,0,0,0,0,0,0,0,0,0,0,0,0,0,0,0,0,0,0,0,0,0,0,0,0,0,2,0,0,0,0,0,0,0,0,0,0,0,0,0,0,0,0,0,0,0,0,0,0,0,0,0,0,0,0
74231,northern trust,https://careers.northerntrust.com/jobs/analyst-agency-review-executiion-team-11709,3,1,1,0,0,0,4,0,0,0,0,0,0,0,0,1,0,0,0,0,3,4,2,0,0,3,0,0,3,0,0,1,6,0,0,0,0,0,0,2,0,0,0,0,0,0,0,0,0,0,0,0,0,0,0,0,0,1,0,0,0,1,0,0,0,0,0,0,0,0,0,0,0,0,0,0,0,0,1,0,0,0,0,0,0,0,0,0,0,0,0,0,0,0,0,0,0,0,1,0,0
72301,northern trust,https://careers.northerntrust.com/jobs/manager-i-audit-services-11296,3,1,0,0,0,0,1,0,0,0,0,0,0,0,0,1,0,0,0,0,3,2,1,1,0,1,0,0,3,0,0,1,5,0,0,0,0,0,0,1,0,0,0,0,0,0,0,0,0,0,0,0,0,0,0,0,0,0,0,0,0,0,0,0,2,0,0,0,0,0,0,0,0,0,0,0,0,0,0,0,0,0,0,0,0,0,0,0,0,0,0,0,0,0,0,0,0,0,0,0,0
69727,northern trust,https://careers.northerntrust.com/jobs/consultant-client-services-investment-operations-foreign-exchanges-11682,3,1,6,0,1,0,4,6,0,0,1,0,0,0,0,1,0,0,0,0,3,8,1,2,0,2,0,0,7,0,0,2,6,0,0,0,0,0,0,1,0,0,1,0,0,0,0,0,0,0,0,0,2,0,0,0,0,7,0,0,0,3,0,0,1,0,0,0,0,0,0,0,0,1,0,0,0,0,0,0,0,0,0,0,0,0,0,0,0,0,0,0,0,0,0,0,0,0,0,0,0
73536,northern trust,https://careers.northerntrust.com/jobs/senior-consultant-foreign-exchange-investment-operations-11547,3,1,1,1,0,0,5,0,0,0,0,0,0,0,0,1,0,0,0,0,3,3,2,0,0,3,0,0,3,0,0,1,6,0,0,0,0,0,0,2,0,0,0,0,0,0,0,0,0,0,0,0,0,0,0,0,0,1,0,0,0,0,0,0,0,0,0,0,0,0,0,0,0,0,0,0,0,0,1,0,0,0,0,0,0,0,0,0,0,0,0,0,0,0,0,0,0,0,1,1,0
71028,northern trust,https://careers.northerntrust.com/jobs/ofsaa-specialist-10020,3,1,1,0,0,0,7,0,0,0,0,0,0,0,0,1,0,0,0,0,3,6,2,0,0,3,0,0,4,0,0,2,6,0,0,0,0,0,0,3,0,0,0,0,0,0,0,0,0,0,0,0,2,0,0,0,0,0,0,0,0,2,0,0,0,0,0,0,0,0,0,0,0,0,0,0,0,0,1,0,0,0,0,0,0,0,0,0,0,0,0,0,0,0,0,0,0,0,2,0,0
71027,northern trust,https://careers.northerntrust.com/jobs/ofsaa-senior-consultant-application-10749,3,1,1,0,7,0,1,1,0,0,0,0,0,0,0,1,0,0,0,0,3,4,1,0,0,2,0,0,2,0,0,1,6,0,0,0,0,0,0,1,0,0,0,0,0,0,0,0,0,0,0,0,1,0,0,0,0,0,0,0,0,0,0,0,0,0,0,0,0,0,0,0,0,0,0,0,0,0,1,0,0,0,0,0,0,0,0,0,0,0,0,0,0,0,0,0,0,0,0,0,0
74244,northern trust,https://careers.northerntrust.com/jobs/senior-consultant-employee-relations-11680,3,1,0,0,3,0,1,0,0,0,0,0,0,0,0,1,0,0,0,0,3,8,1,1,0,2,0,0,3,0,0,1,5,0,0,0,0,0,0,1,0,0,0,0,0,0,0,0,0,0,0,0,2,0,0,1,0,1,0,0,0,0,0,0,0,0,0,0,0,0,0,0,0,0,1,0,0,0,1,0,0,0,0,0,0,0,0,0,0,0,0,0,0,0,0,0,0,0,0,0,0
73217,northern trust,https://careers.northerntrust.com/jobs/consultant-corporate-actions-hfs-11677,3,2,0,0,0,0,1,0,0,0,0,0,0,0,0,1,0,0,0,0,3,7,1,0,0,1,0,0,8,0,0,1,5,0,0,0,0,0,0,1,0,0,0,0,0,0,0,0,2,0,0,0,0,0,0,0,0,0,0,0,0,0,0,0,0,0,0,0,0,0,0,0,1,1,0,1,0,0,0,0,0,0,0,0,0,0,0,0,0,0,0,0,0,0,0,0,0,0,0,1,0
18116,northern trust,https://careers.northerntrust.com/jobs/2019-entry-level-tempe-11638,3,1,2,3,1,0,1,0,0,0,0,0,0,0,0,1,0,0,0,0,5,0,1,0,0,1,0,0,2,0,0,3,6,0,0,0,0,0,0,1,0,0,0,0,0,1,0,0,0,0,0,0,0,0,0,0,0,0,0,0,0,0,0,0,0,0,0,0,0,0,0,0,2,0,0,1,0,0,0,0,0,0,0,0,0,0,0,0,0,0,0,0,0,0,0,3,0,0,1,0,0
18046,northern trust,https://careers.northerntrust.com/jobs/team-lead-financial-control-8651,3,0,2,0,1,0,5,0,0,0,0,0,0,0,0,3,0,0,0,0,1,3,2,0,0,3,0,0,2,0,0,0,2,0,0,0,0,0,0,2,0,0,0,0,0,0,0,0,0,0,0,0,0,0,0,2,0,0,0,0,0,8,0,0,0,0,0,1,0,0,0,0,0,2,0,0,0,0,0,0,0,0,0,0,0,1,0,0,0,0,0,0,0,0,0,0,0,0,0,1,0
73044,northern trust,https://careers.northerntrust.com/jobs/senior-advisor-human-resources-11289,3,1,0,0,0,0,1,0,0,0,0,0,0,0,0,1,0,0,0,0,6,0,1,1,0,2,0,0,2,0,0,1,7,0,0,0,0,0,0,2,0,0,0,0,0,0,0,0,0,0,0,0,2,0,0,0,0,0,0,0,0,0,0,0,0,0,0,0,0,0,0,0,0,0,0,1,0,0,1,0,0,0,0,0,0,0,0,0,0,0,0,0,0,0,0,0,0,0,1,0,0
70158,northern trust,https://careers.northerntrust.com/jobs/sr-consultant-data-integration-information-delivery-hfs-11150,3,1,0,0,0,0,3,1,0,0,0,0,0,0,0,1,0,0,0,0,3,4,1,1,0,1,0,0,11,0,0,1,5,0,0,0,0,0,0,1,0,0,0,0,0,0,0,0,0,0,0,0,1,0,0,1,0,0,0,0,0,0,0,0,4,0,0,0,0,0,0,0,0,1,0,0,0,0,0,0,0,0,0,0,0,0,0,0,0,0,0,0,0,0,0,0,0,0,1,1,0
72063,northern trust,https://careers.northerntrust.com/jobs/consultant-clearing-settlements-hedge-fund-services-11461,3,1,1,1,15,0,3,1,0,0,0,0,0,0,0,1,0,0,0,0,3,5,2,0,0,4,0,0,2,0,0,1,5,0,0,0,0,0,0,1,0,0,0,0,0,0,0,0,1,1,0,0,0,0,0,0,0,0,0,0,0,0,0,0,0,0,0,0,0,0,0,0,0,0,0,0,0,0,1,0,0,0,0,0,0,0,0,0,0,0,0,0,0,0,0,0,0,0,1,0,0
73366,northern trust,https://careers.northerntrust.com/jobs/consultant-client-implementation-conversion-hfs-11140,3,1,2,2,0,0,1,0,0,0,0,0,0,0,3,1,0,0,0,0,5,1,1,0,0,1,0,0,2,0,0,1,6,0,0,0,0,0,0,2,0,0,0,0,0,0,0,0,0,0,1,0,0,0,0,0,0,0,0,0,0,0,0,0,0,0,2,0,0,3,0,0,1,0,0,1,0,0,0,0,0,0,1,0,0,0,0,0,0,0,0,0,0,0,0,1,0,0,0,0,0
74208,northern trust,https://careers.northerntrust.com/jobs/marketing-insight-manager-11654,3,1,4,1,4,0,1,0,0,0,0,0,0,0,1,1,0,0,0,0,4,2,3,0,0,3,0,0,5,0,0,1,5,0,0,0,0,0,0,1,0,0,0,0,0,1,0,0,1,0,0,0,3,0,0,0,0,1,0,0,0,0,0,0,0,0,0,0,0,0,0,0,0,0,0,0,0,0,4,0,0,0,1,0,0,0,0,0,0,0,0,0,0,0,0,0,0,0,0,0,0
74039,northern trust,https://careers.northerntrust.com/jobs/account-manager-investment-management-11653,3,1,1,2,9,0,2,0,0,3,0,0,0,0,0,1,0,0,0,0,3,4,1,0,0,1,0,0,2,0,0,3,5,0,0,0,0,0,0,1,0,0,0,0,0,0,0,0,0,0,0,0,2,0,0,0,0,0,0,0,0,1,0,0,0,0,0,0,0,0,0,0,0,2,0,1,0,0,1,0,0,0,0,0,0,0,0,0,0,0,0,0,0,0,0,0,0,0,0,0,0
74196,northern trust,https://careers.northerntrust.com/jobs/sr-consultant-team-leader-conduct-risk-corporate-compliance-11652,3,1,0,0,0,0,9,0,0,0,3,0,0,0,0,1,0,0,0,0,3,3,3,0,0,1,0,0,4,0,0,1,5,0,0,0,0,0,0,1,0,0,0,0,0,0,4,0,0,0,0,0,1,1,0,0,0,0,0,0,0,0,0,0,0,0,0,0,0,0,0,0,0,0,0,2,0,0,0,0,0,0,0,0,0,0,0,0,0,0,0,0,0,0,0,0,0,0,0,0,0
74151,northern trust,https://careers.northerntrust.com/jobs/specialist-compliance-northern-trust-international-banking-corp-11650,3,1,0,2,0,0,1,2,0,0,1,0,0,0,1,1,0,0,0,0,3,4,1,2,0,1,0,0,8,0,0,4,6,0,0,0,0,0,0,1,0,0,0,0,0,0,0,0,0,0,0,0,2,0,0,0,0,0,0,0,0,2,0,0,4,0,1,0,0,0,0,0,1,0,0,0,0,0,0,0,0,0,0,0,0,0,0,0,0,0,0,0,0,0,0,0,0,0,0,0,0
74153,northern trust,https://careers.northerntrust.com/jobs/line-cook-11649,3,1,1,0,0,0,4,10,0,0,0,0,0,0,0,1,0,0,0,0,3,5,1,4,0,1,0,0,6,0,0,2,5,0,0,0,0,0,0,1,0,0,0,1,0,0,0,0,1,0,0,0,2,0,0,0,0,3,0,0,0,2,0,0,9,0,0,0,0,0,0,0,0,1,0,0,0,0,2,0,0,0,0,0,0,2,0,0,1,0,0,0,0,0,0,0,0,0,0,0,0
71286,northern trust,https://careers.northerntrust.com/jobs/senior-manager-audit-services-11648,3,1,0,0,0,0,8,0,0,0,0,0,0,0,0,1,0,0,0,0,3,0,1,0,0,1,0,0,2,0,0,1,5,0,0,0,0,0,0,1,0,0,0,0,0,0,0,0,2,0,0,0,0,0,0,0,0,0,0,0,0,1,0,0,0,0,0,0,0,0,0,0,0,0,0,0,0,0,0,0,0,0,0,0,0,0,0,0,0,0,0,0,0,0,0,0,0,0,0,0,0
68973,northern trust,https://careers.northerntrust.com/jobs/manager-corporate-actions-hedge-fund-services-11178,3,0,4,0,0,0,2,8,0,0,1,0,0,0,0,0,0,0,0,0,0,7,0,2,0,0,0,0,6,0,0,0,0,0,0,0,0,0,0,0,0,0,0,0,0,0,0,0,0,0,0,0,2,0,0,0,0,1,0,0,0,2,0,0,1,0,0,0,0,0,0,0,0,0,0,0,0,0,0,0,0,0,0,0,0,1,0,0,0,0,0,0,0,0,0,0,0,0,1,0,0
69895,northern trust,https://careers.northerntrust.com/jobs/team-lead-corporate-actions-dividends-control-team-hedge-fund-services-11544,3,1,0,0,0,0,3,0,0,0,0,0,0,0,2,1,0,0,0,0,5,2,1,0,0,1,0,0,7,0,0,1,6,0,0,0,0,0,0,1,0,0,0,0,0,0,0,0,0,0,0,0,3,0,0,0,0,0,0,0,0,0,0,0,0,0,1,0,0,2,0,0,1,0,0,0,0,0,0,0,0,0,0,0,0,0,0,0,0,0,0,0,0,0,0,1,0,0,0,0,0
73931,northern trust,https://careers.northerntrust.com/jobs/senior-middleware-engineer-11647,3,1,0,0,0,0,1,1,0,0,0,0,0,0,3,1,0,0,0,0,5,2,1,0,0,1,0,0,8,0,0,1,6,0,0,0,0,0,0,2,0,0,0,0,0,0,0,0,0,0,0,0,3,0,0,0,0,1,0,0,0,0,0,0,0,0,0,0,0,0,0,0,0,0,0,0,0,0,0,0,0,0,0,0,0,0,0,0,0,0,0,0,0,0,0,1,0,0,0,0,0
18112,northern trust,https://careers.northerntrust.com/jobs/2019-entry-level-technology-11636,3,0,0,0,0,0,1,0,0,0,0,0,0,0,0,0,0,0,0,0,0,1,0,0,0,3,0,0,2,0,0,0,0,0,0,0,0,0,1,2,0,0,0,0,0,0,0,0,0,2,0,0,3,0,0,0,0,0,0,0,0,1,0,0,0,0,0,0,0,0,0,0,0,1,0,0,0,0,3,0,0,0,0,0,0,0,0,0,0,0,0,0,0,0,0,0,0,0,0,0,0
74077,northern trust,https://careers.northerntrust.com/jobs/underwriter-commercial-banking-11634,3,1,1,0,0,0,2,0,0,0,0,0,0,0,0,2,0,0,0,0,0,2,0,0,0,5,0,0,0,0,0,1,3,0,0,0,0,0,0,2,0,0,0,0,0,0,0,0,0,0,0,0,1,0,0,1,0,1,0,0,0,7,0,0,0,0,0,1,0,0,0,0,0,0,0,0,0,0,1,0,0,0,0,0,0,0,0,0,0,0,0,0,0,0,0,0,0,0,0,1,0
70206,northern trust,https://careers.northerntrust.com/jobs/sales-support-lending-associate-11623,3,2,8,0,0,0,2,3,0,0,1,0,0,0,0,1,0,0,0,0,3,1,1,0,0,1,0,0,3,0,0,1,5,0,0,0,0,11,0,2,0,0,2,0,0,0,0,0,0,0,0,0,0,0,0,0,0,0,0,0,0,0,0,0,0,0,0,0,0,0,0,0,0,0,0,0,0,0,0,0,0,0,0,0,0,0,0,0,0,0,0,0,0,0,0,0,0,0,0,0,6
73947,northern trust,https://careers.northerntrust.com/jobs/client-service-representative-wealth-management-11621,3,4,7,0,0,0,8,0,0,0,4,0,0,0,0,1,0,0,0,0,3,5,6,0,0,1,0,0,5,0,0,1,5,0,0,0,0,4,0,1,0,0,3,0,0,0,3,0,0,0,0,0,3,0,0,0,0,0,0,0,0,1,0,0,0,0,0,0,0,0,0,0,1,0,0,0,0,0,0,0,0,0,0,0,0,0,0,0,0,0,0,0,0,0,0,0,0,0,0,0,0
73318,northern trust,https://careers.northerntrust.com/jobs/sr-portfolio-manager-11601,3,1,1,0,0,0,4,0,0,0,2,0,0,0,0,1,0,0,0,0,4,1,4,0,0,1,0,0,5,0,0,1,5,1,0,0,0,0,0,1,0,0,0,0,0,0,0,0,1,0,0,0,0,0,0,0,0,0,0,0,0,1,0,0,0,0,0,0,0,0,0,0,0,0,0,3,0,0,0,0,0,0,0,0,0,0,0,0,0,0,0,0,0,0,0,0,0,0,0,0,0
71408,northern trust,https://careers.northerntrust.com/jobs/workplace-occupancy-planner-11598,3,3,3,0,0,0,3,0,0,0,0,0,0,0,0,1,0,0,0,0,3,1,22,0,0,1,0,0,5,0,0,1,8,0,0,0,0,0,0,5,0,0,0,0,0,0,0,0,0,0,0,0,1,0,0,0,0,0,0,0,0,0,0,0,0,0,0,0,0,0,0,0,0,5,0,0,0,0,0,0,0,0,0,0,0,0,2,0,1,0,0,0,0,0,0,0,0,0,0,0,0
73811,northern trust,https://careers.northerntrust.com/jobs/retirement-solutions-specialist-institutional-client-group-11597,3,0,1,0,2,0,1,1,0,0,4,0,0,0,0,0,0,0,0,0,0,2,0,0,0,0,0,0,3,0,0,1,1,0,0,0,0,0,0,0,0,0,0,0,0,0,0,0,1,0,0,0,1,0,0,1,0,0,0,0,0,0,0,0,0,0,0,0,0,0,0,0,0,2,0,0,0,0,0,0,0,0,0,0,0,0,0,0,0,0,0,0,0,0,0,0,0,0,0,0,0
72861,northern trust,https://careers.northerntrust.com/jobs/sr-per-inv-port-mgr-11586,3,1,2,0,1,0,3,0,0,0,0,0,0,0,0,1,0,0,0,0,3,2,3,0,0,1,0,0,4,0,0,2,7,0,0,0,0,0,1,1,0,0,0,0,0,0,0,0,1,0,1,1,1,0,0,0,0,0,0,0,0,0,0,0,0,0,0,0,0,0,0,0,2,0,0,0,0,0,0,0,0,0,0,0,0,0,0,0,4,0,0,0,0,0,0,0,0,0,0,0,0
74083,northern trust,https://careers.northerntrust.com/jobs/analyst-investment-performance-reporting-11583,3,2,3,0,0,0,2,0,0,0,0,0,0,0,0,0,0,0,0,0,0,1,21,0,0,0,0,0,3,0,0,0,3,0,0,0,0,0,0,4,0,0,0,0,0,0,0,0,0,0,0,0,1,0,0,0,0,0,0,0,0,0,0,0,0,0,0,0,0,0,0,0,0,5,0,0,0,0,0,0,0,0,0,0,0,0,2,0,1,0,0,0,0,0,0,0,0,0,0,0,0
71689,northern trust,https://careers.northerntrust.com/jobs/change-management-learning-development-analyst-%E2%80%93-entry-level-11568,3,1,0,0,1,0,1,0,0,0,1,0,0,0,0,1,0,0,0,0,3,0,2,0,0,1,0,0,1,0,0,1,5,0,0,0,0,0,0,1,0,0,0,0,0,0,0,0,0,0,0,0,0,0,0,0,0,0,0,0,0,0,1,0,0,0,0,0,0,0,0,0,0,0,0,0,0,0,0,0,0,0,0,0,0,0,0,0,0,0,0,0,0,0,0,0,0,0,0,0,0
73810,northern trust,https://careers.northerntrust.com/jobs/sr-product-manager-11567,3,0,0,0,1,0,0,0,0,1,0,0,0,0,0,0,0,0,0,0,0,2,0,0,0,1,0,0,3,0,0,0,0,0,0,0,0,0,0,0,0,0,0,0,0,0,0,0,0,0,0,0,2,0,0,0,0,0,0,0,0,1,0,0,0,0,0,1,1,0,0,0,0,0,0,0,0,0,0,0,0,0,0,0,0,0,0,0,0,0,0,0,0,0,0,0,0,0,0,1,0
72984,northern trust,https://careers.northerntrust.com/jobs/senior-analyst-trade-support-naperville-or-chicago-location-10865,3,0,0,0,0,0,1,0,0,8,1,0,0,0,0,0,0,0,0,0,0,7,0,0,0,1,0,0,4,0,0,2,0,0,0,0,0,0,0,0,0,0,0,0,0,2,0,0,0,0,0,0,0,0,0,1,0,0,0,0,0,1,0,0,0,0,0,0,1,0,0,0,0,2,0,1,0,0,1,0,0,0,0,0,0,0,0,0,0,0,0,0,0,0,0,0,0,0,0,0,0
74084,northern trust,https://careers.northerntrust.com/jobs/analyst-insurance-escrow-tax-loan-operations-11561,3,1,1,0,0,0,1,0,0,0,0,0,0,0,5,1,0,0,0,0,4,1,1,0,0,1,0,0,4,0,0,1,7,0,0,0,0,0,0,1,0,0,0,0,0,0,1,0,0,0,0,0,0,0,0,0,0,0,0,0,0,2,0,0,0,0,0,0,0,1,0,0,1,0,0,0,0,0,0,0,0,0,0,0,0,0,0,0,0,0,0,0,0,0,0,0,0,0,1,0,0
72658,northern trust,https://careers.northerntrust.com/jobs/senior-accountant-private-equity-accounting-10592,3,1,0,0,0,0,1,0,0,0,0,0,5,0,0,1,0,0,0,0,3,0,1,1,0,1,0,0,6,0,0,1,5,0,0,0,0,0,0,1,0,0,3,0,0,0,0,0,0,0,0,0,0,0,0,0,0,2,0,0,0,1,0,0,0,0,0,0,0,0,0,0,0,0,0,1,0,0,0,0,0,0,0,0,0,0,0,0,0,0,0,0,0,0,0,0,0,0,0,0,1
74062,northern trust,https://careers.northerntrust.com/jobs/wealth-strategist-11530,3,1,7,1,1,0,4,0,0,0,1,0,0,0,0,1,1,0,0,0,6,7,2,2,0,2,0,0,5,0,0,1,5,0,0,0,0,0,0,2,0,0,0,0,0,1,0,0,0,0,4,0,2,0,0,0,0,0,0,0,0,0,1,0,0,0,0,0,0,0,0,0,0,0,0,0,0,0,0,0,0,0,0,0,0,0,0,0,0,0,0,1,0,0,0,0,0,0,0,1,0
73191,northern trust,https://careers.northerntrust.com/jobs/marketing-automation-strategist-11269,3,7,3,0,0,0,12,0,0,0,2,0,1,0,0,1,0,0,0,0,3,1,3,0,0,1,0,0,5,0,0,1,8,0,0,0,0,0,1,5,0,0,1,0,0,0,1,0,0,0,0,0,0,0,0,0,0,0,0,0,0,0,0,0,0,0,0,0,0,0,0,0,2,0,0,0,0,0,0,0,0,0,0,0,0,0,0,0,0,0,0,0,0,0,0,0,0,0,0,0,0
73397,northern trust,https://careers.northerntrust.com/jobs/associate-client-transition-11508,3,1,0,0,3,0,2,0,0,0,0,0,0,0,0,1,0,0,0,0,3,4,1,0,0,2,0,0,4,0,0,1,5,0,0,0,0,0,0,1,0,0,0,0,0,0,0,0,0,0,0,0,1,0,0,0,0,0,0,0,0,1,0,0,0,0,0,0,0,0,0,0,0,0,0,0,0,0,1,0,0,0,0,0,0,0,0,0,0,0,0,0,0,0,0,0,0,0,0,0,0
74037,northern trust,https://careers.northerntrust.com/jobs/senior-associate-analyst-investments-real-assets-research-11499,3,1,1,0,0,0,1,0,0,0,1,0,0,0,0,1,0,0,0,0,3,1,1,0,0,1,0,0,3,0,0,1,8,0,0,0,0,0,0,1,0,0,0,0,0,2,0,0,0,0,0,0,0,0,0,0,0,0,0,0,0,1,0,0,0,0,0,0,0,0,0,0,1,0,0,0,0,0,0,0,0,0,0,0,0,0,0,0,0,0,0,0,0,0,0,0,0,0,0,0,0
18036,northern trust,https://careers.northerntrust.com/jobs/team-lead-senior-consultant-financial-control-8533,3,1,3,4,3,0,1,1,0,0,0,0,0,0,0,1,0,0,0,0,3,0,18,0,0,1,0,0,2,0,0,1,6,0,0,0,0,0,0,1,0,0,0,0,0,0,0,0,0,0,0,0,0,0,0,0,0,0,0,0,0,0,0,0,0,0,0,0,0,0,0,0,0,0,0,0,0,0,0,0,0,0,0,0,0,0,0,0,0,0,0,0,0,0,0,0,0,0,0,0,0
73951,northern trust,https://careers.northerntrust.com/jobs/analyst-investment-performance-11494,3,1,0,0,0,0,1,0,0,0,0,0,0,0,0,1,0,0,0,0,6,0,1,1,0,2,0,0,2,0,0,1,7,0,0,0,0,0,0,2,0,0,0,0,0,0,0,0,0,0,0,0,1,0,0,0,0,0,0,0,0,0,0,0,0,0,0,0,0,0,0,0,0,0,0,1,0,0,1,0,0,0,0,0,0,0,0,0,0,0,0,0,0,0,0,0,0,0,1,0,0
73898,northern trust,https://careers.northerntrust.com/jobs/content-strategist-writer-11477,3,1,2,1,2,0,2,0,0,0,1,0,0,0,0,1,0,0,0,0,3,1,8,0,0,1,0,0,3,0,0,1,8,0,0,0,0,0,0,1,0,0,0,0,0,1,0,0,1,0,0,0,0,0,0,0,0,0,0,0,0,1,0,0,0,0,0,0,0,0,0,0,0,0,0,0,0,0,0,0,0,0,0,0,0,0,0,0,0,0,0,0,0,0,0,0,0,0,0,0,0
73897,northern trust,https://careers.northerntrust.com/jobs/specialist-institutional-marketing-11478,3,1,2,0,0,0,2,0,0,0,0,0,0,0,0,1,0,0,0,0,3,3,1,0,0,1,0,0,2,0,0,1,6,0,0,0,0,0,0,1,0,0,0,0,0,0,0,0,0,0,0,0,1,0,0,0,0,0,0,0,0,0,0,0,0,0,0,0,0,0,0,0,0,0,0,0,0,0,0,0,0,0,0,0,0,0,0,0,0,0,0,0,0,0,0,0,0,0,0,0,0
68262,northern trust,https://careers.northerntrust.com/jobs/manager-ii-audit-services-11480,3,1,2,0,0,0,6,0,0,0,0,0,0,0,0,1,0,0,0,0,3,4,1,0,0,1,0,0,4,0,0,1,9,0,0,0,0,0,0,1,0,0,0,0,0,0,0,0,0,0,0,0,1,0,0,0,0,0,0,0,0,0,0,0,0,0,0,0,0,0,0,0,0,0,0,0,0,0,0,0,0,0,0,0,0,0,0,0,0,0,0,0,0,0,0,0,0,0,0,0,0
73832,northern trust,https://careers.northerntrust.com/jobs/senior-auditor-ii-asset-management-11476,3,1,4,0,0,0,3,8,0,0,1,0,0,0,0,1,0,0,0,0,3,8,1,2,0,1,0,0,9,0,0,1,5,0,0,0,0,0,0,1,0,0,0,0,0,0,0,0,0,0,0,0,2,0,0,0,0,1,0,0,0,2,0,0,1,0,0,0,0,0,0,0,0,0,0,0,0,0,0,0,0,0,0,0,0,1,0,0,0,0,0,0,0,0,0,0,0,0,1,0,0
73924,northern trust,https://careers.northerntrust.com/jobs/investment-communications-specialist-11434,3,1,2,0,0,0,7,3,0,0,1,0,0,0,0,1,0,0,0,0,4,1,1,0,0,1,0,0,12,0,0,2,9,0,0,1,0,0,0,1,0,0,0,0,0,0,0,0,2,0,1,0,2,0,0,0,0,3,0,0,0,0,0,0,0,0,0,0,0,0,0,0,0,1,0,0,0,0,0,0,0,0,0,0,0,0,0,0,0,0,0,0,0,0,0,0,0,0,0,0,0
73692,northern trust,https://careers.northerntrust.com/jobs/associate-trust-advisor-11413,3,1,2,0,0,0,3,0,0,1,0,0,0,0,0,1,0,0,0,0,3,0,10,0,0,1,0,0,7,0,0,1,7,0,0,0,0,0,0,1,0,0,0,0,0,0,0,0,0,0,0,0,0,0,0,0,0,0,0,0,0,1,0,0,0,0,0,0,1,0,0,0,0,1,0,0,0,0,0,0,0,0,0,0,0,0,0,0,0,0,0,0,0,0,0,0,0,0,1,0,0
73693,northern trust,https://careers.northerntrust.com/jobs/sr-trust-advisor-11412,3,1,3,0,0,0,11,2,0,0,1,0,0,0,0,1,0,0,0,0,3,5,2,0,0,1,0,0,7,0,0,1,6,0,0,0,0,0,0,1,0,0,0,0,0,0,2,0,0,0,0,0,3,0,0,0,0,0,0,0,0,3,0,0,0,0,0,0,0,0,0,0,0,0,0,0,0,0,0,0,0,0,0,0,0,0,0,0,0,0,0,0,0,0,0,0,0,0,1,0,0
73800,northern trust,https://careers.northerntrust.com/jobs/sr-tax-administrator-11392,3,1,2,0,0,0,10,2,0,0,0,0,0,0,0,1,0,0,0,0,3,6,3,1,0,1,0,0,8,0,0,1,6,0,0,0,0,0,0,1,0,0,0,0,0,0,0,0,0,0,0,0,1,0,0,0,0,0,0,0,0,2,0,0,0,0,0,0,0,0,0,0,0,0,0,0,0,0,0,0,0,0,0,0,0,0,1,0,0,0,0,0,0,0,0,0,0,0,1,0,0
72456,northern trust,https://careers.northerntrust.com/jobs/wealth-management-marketing-specialist-11391,3,2,0,0,0,0,1,1,0,0,0,0,0,0,0,1,0,0,0,0,3,0,1,1,0,1,0,0,2,0,0,1,5,0,0,0,0,0,0,1,0,0,0,0,0,0,1,0,0,0,0,0,0,0,0,0,0,0,0,0,0,0,0,0,3,0,0,0,0,0,0,0,0,0,0,0,0,0,0,0,0,0,0,0,0,0,0,0,0,0,0,0,0,0,0,0,0,0,0,0,0
71706,northern trust,https://careers.northerntrust.com/jobs/associate-fixed-income-portfolio-manager-11887,3,3,3,1,1,0,4,0,0,0,1,0,0,0,0,1,0,0,0,0,3,1,1,0,0,1,0,0,5,0,0,1,5,0,0,0,0,0,0,1,0,0,0,0,0,0,0,0,0,0,0,0,0,0,0,0,0,0,0,0,0,0,1,0,0,0,0,0,0,0,0,0,0,5,0,0,0,0,2,0,0,0,0,0,0,0,0,0,1,0,0,0,0,0,0,0,0,0,0,0,0
73465,northern trust,https://careers.northerntrust.com/jobs/senior-devops-engineer-11368,3,1,0,2,0,0,1,0,0,0,2,0,0,0,0,1,0,0,0,0,3,0,6,0,0,1,0,0,5,0,0,1,5,0,0,0,0,0,0,1,0,0,0,2,0,0,0,0,0,0,0,0,0,0,0,0,0,0,0,0,0,1,0,0,0,0,0,0,0,0,0,0,3,2,0,0,0,0,1,0,0,0,2,0,0,0,0,0,0,0,0,0,0,0,0,0,0,0,0,0,0
73479,northern trust,https://careers.northerntrust.com/jobs/trust-advisor-11328,3,1,0,0,2,0,5,0,0,0,1,0,0,0,0,1,0,0,0,0,4,0,1,0,0,6,0,0,4,0,0,1,2,0,0,0,0,0,1,1,0,0,0,0,0,0,0,0,0,1,0,0,2,0,0,0,0,0,0,0,0,0,0,0,0,0,0,0,0,0,0,0,3,1,0,0,0,0,0,0,0,0,0,0,0,0,0,0,0,0,0,0,0,0,0,0,0,0,1,0,0
70364,northern trust,https://careers.northerntrust.com/jobs/manager-i-audit-services-11294,3,1,2,0,0,0,9,2,0,0,0,0,0,0,0,1,0,0,0,0,3,5,3,1,0,1,0,0,8,0,0,1,6,0,0,0,0,0,0,1,0,0,0,0,0,0,0,0,0,0,0,0,3,0,0,0,0,0,0,0,0,1,0,0,0,0,0,0,0,0,0,0,0,0,0,0,0,0,0,0,0,0,0,0,0,0,1,0,0,0,0,0,0,0,0,0,0,0,1,0,0
73425,northern trust,https://careers.northerntrust.com/jobs/manager-information-services-11292,3,1,2,0,0,0,4,1,0,0,0,0,0,0,0,1,0,0,0,0,3,1,1,2,0,1,0,0,7,0,0,6,5,0,0,0,0,0,0,1,0,0,0,0,0,0,0,0,0,0,0,0,1,0,0,0,0,0,0,0,0,4,0,0,0,0,0,0,0,0,0,0,0,1,0,0,0,0,0,0,0,0,0,0,0,1,0,0,0,0,0,0,0,0,0,0,0,0,0,0,0
73561,northern trust,https://careers.northerntrust.com/jobs/senior-consultant-enterprise-market-data-11279,3,0,1,0,1,0,0,0,0,0,0,0,0,0,0,0,0,0,0,0,0,3,0,0,0,9,0,0,6,0,0,1,0,0,0,0,0,0,0,0,0,0,0,1,0,0,0,0,0,0,0,0,7,1,0,0,0,0,0,0,0,1,0,0,0,0,0,0,0,0,0,0,0,5,0,0,0,0,0,0,0,0,0,0,0,0,0,0,0,0,0,0,0,0,0,0,0,0,0,0,0
72484,northern trust,https://careers.northerntrust.com/jobs/portfolio-test-manager-10806,3,1,1,4,4,0,5,0,0,0,0,0,0,0,0,1,0,0,0,0,3,4,1,1,0,1,0,0,5,0,0,2,5,0,0,0,0,0,0,1,0,0,0,0,0,0,0,0,1,0,0,0,2,5,0,0,0,0,0,0,0,0,0,0,1,0,0,0,0,0,0,0,0,1,0,0,0,0,0,0,0,0,0,0,0,0,0,0,0,0,0,0,0,0,0,0,0,0,0,0,0
73467,northern trust,https://careers.northerntrust.com/jobs/sqm-operations-manager-11273,3,0,1,0,2,0,1,0,0,0,0,0,0,0,0,0,0,0,0,0,0,2,0,0,0,0,0,0,12,0,0,0,0,0,0,0,0,0,0,0,0,0,0,0,0,0,0,0,0,0,0,0,2,0,0,0,0,0,0,0,0,1,0,0,2,0,0,0,0,0,0,0,1,2,0,0,0,0,1,0,0,0,0,0,0,0,0,0,0,0,0,0,0,0,0,0,0,0,0,0,0
73466,northern trust,https://careers.northerntrust.com/jobs/sqm-lead-architect-11274,3,0,3,0,1,0,3,0,0,0,0,0,0,0,1,0,0,0,0,0,0,7,0,0,0,1,0,0,1,0,0,0,0,0,0,0,0,0,0,0,0,0,0,0,0,0,0,0,0,0,0,2,0,0,0,0,0,0,0,0,0,2,0,0,0,0,0,0,0,0,0,0,0,2,0,0,0,0,0,0,0,0,0,0,0,0,0,0,0,0,0,0,0,0,0,0,0,0,0,0,0
73325,northern trust,https://careers.northerntrust.com/jobs/teller-services-line-assistant-11265,3,0,1,0,6,0,5,3,0,0,0,0,0,0,0,0,0,0,0,0,0,1,0,0,0,2,0,0,6,0,0,0,2,0,0,0,0,0,0,0,0,0,0,0,0,0,0,0,0,0,0,1,5,0,0,0,0,1,0,0,0,2,0,0,1,0,0,0,0,0,0,0,0,6,0,0,0,0,2,0,0,0,0,0,0,0,0,0,0,0,0,0,0,0,0,0,0,0,0,0,0
73407,northern trust,https://careers.northerntrust.com/jobs/senior-consultant-investment-performance-11261,3,2,0,0,0,0,2,1,0,0,0,0,0,0,0,1,0,0,0,0,3,0,1,0,0,1,0,0,4,0,0,1,5,0,0,0,0,0,0,1,0,0,0,0,0,0,6,0,0,0,0,0,0,0,0,0,0,0,0,0,0,0,0,0,0,0,0,0,0,0,0,1,0,0,0,0,0,0,0,0,0,0,0,0,0,0,0,0,0,0,0,0,0,0,0,0,0,0,0,0,0
73483,northern trust,https://careers.northerntrust.com/jobs/account-manager-investments-lake-forest-il-11251,3,3,0,1,0,0,7,0,0,0,0,0,0,0,0,1,0,0,0,0,4,0,8,0,0,1,0,0,1,0,0,1,6,0,0,0,0,0,1,1,0,0,0,1,0,0,0,0,0,0,0,0,3,0,0,0,0,0,0,0,0,0,0,0,0,0,0,0,0,0,0,0,0,0,0,0,0,0,2,0,0,0,0,0,0,0,1,0,0,0,0,0,0,0,0,0,0,0,0,0,0
73587,northern trust,https://careers.northerntrust.com/jobs/asset-manager-special-assets-11245,3,1,1,1,1,0,5,0,0,0,5,0,0,0,2,1,2,0,0,0,3,0,10,0,0,1,0,0,2,0,0,1,7,0,0,0,0,0,0,1,0,0,0,0,0,0,1,0,0,0,1,0,0,0,0,0,0,0,0,0,0,0,0,0,2,0,0,0,0,1,0,0,0,0,0,1,0,0,0,0,0,0,0,0,0,0,0,0,0,0,0,0,0,0,0,0,0,0,0,0,0
73462,northern trust,https://careers.northerntrust.com/jobs/lead-product-manager-11231,3,2,0,0,0,0,2,0,0,0,0,0,2,0,0,1,0,0,0,0,3,0,1,1,0,1,0,0,4,0,0,1,6,0,0,0,0,0,0,1,0,0,0,0,0,1,1,0,0,0,0,0,0,0,0,0,0,0,0,0,0,0,0,0,1,0,0,0,0,0,0,0,0,0,0,0,0,0,0,0,0,0,0,0,0,0,0,0,0,0,0,0,0,0,0,1,0,0,0,0,0
73481,northern trust,https://careers.northerntrust.com/jobs/associate-personal-investment-portfolio-manager-11213,3,2,1,5,0,0,4,1,0,0,0,0,0,0,0,1,3,0,0,0,4,10,5,0,0,2,0,0,12,0,0,4,6,0,0,0,0,0,0,1,0,0,0,0,0,0,0,0,0,0,0,0,2,0,0,0,0,1,0,0,0,4,0,0,0,0,0,0,1,0,0,0,0,7,0,3,0,0,0,0,0,0,0,0,0,0,1,0,0,0,0,0,0,0,0,0,0,0,0,0,0
65681,northern trust,https://careers.northerntrust.com/jobs/director-business-development-11177,3,1,3,0,0,0,4,0,0,0,0,0,0,0,0,1,0,0,0,0,4,1,19,0,0,1,0,0,3,0,0,1,6,0,0,0,0,0,0,4,0,0,0,1,0,0,0,0,0,0,0,0,0,0,0,0,0,0,0,0,0,0,0,0,0,0,0,0,0,0,0,0,0,4,0,0,0,0,0,0,0,0,0,0,0,0,2,0,0,0,0,0,0,0,0,0,0,0,0,0,0
69635,northern trust,https://careers.northerntrust.com/jobs/senior-applications-developer-11168,3,1,1,2,0,0,4,0,0,0,0,0,0,0,0,1,0,0,0,0,5,2,11,0,0,1,0,0,7,0,0,1,11,0,0,0,0,0,2,2,0,0,0,1,0,1,0,0,0,0,5,0,2,0,0,0,0,0,0,0,0,1,0,0,0,0,0,0,0,0,0,0,0,1,0,0,0,0,0,0,0,0,0,0,0,0,2,0,1,0,0,0,0,0,0,0,0,0,0,0,0
72033,northern trust,https://careers.northerntrust.com/jobs/process-analyst-11148,3,0,0,1,2,0,0,0,0,0,1,0,0,0,0,0,0,0,0,0,0,1,0,0,0,5,0,0,0,0,0,0,0,0,0,0,0,0,0,1,0,0,0,0,0,0,0,0,0,0,0,0,9,0,0,0,0,0,0,0,0,0,0,0,0,0,0,0,0,0,0,0,0,0,0,0,0,0,0,0,0,0,0,0,0,0,0,0,0,0,0,0,0,0,0,0,0,0,1,0,0
71911,northern trust,https://careers.northerntrust.com/jobs/senior-manager-service-delivery-11118,3,1,0,0,3,0,1,0,0,0,0,0,0,0,0,1,0,0,0,0,3,0,1,0,0,1,0,0,2,0,0,1,5,0,0,0,0,0,0,1,0,0,0,0,0,0,0,0,0,0,0,0,0,0,0,0,0,0,0,0,0,0,0,0,0,0,0,0,0,0,0,0,0,0,0,0,0,0,0,0,0,0,0,0,0,0,0,0,0,0,0,0,0,0,0,0,0,0,0,0,0
73431,northern trust,https://careers.northerntrust.com/jobs/section-manager-financial-reporting-11115,3,0,1,1,2,0,8,1,0,0,0,0,0,0,0,0,1,0,0,0,0,4,0,0,0,1,0,0,2,0,0,0,0,0,0,0,0,0,0,0,0,0,0,0,0,0,0,0,0,0,0,0,2,0,0,0,0,0,0,0,0,0,0,0,0,0,0,0,0,0,0,0,0,3,0,0,0,0,0,0,0,0,0,0,0,0,0,0,0,0,0,0,0,0,0,0,0,0,0,0,0
72686,northern trust,https://careers.northerntrust.com/jobs/senior-client-investment-officer-11106,3,1,6,0,0,0,1,0,0,0,0,0,0,0,0,1,0,0,0,0,10,1,4,0,0,1,0,0,5,0,0,1,5,0,0,0,0,0,0,1,0,0,0,0,0,0,0,0,0,0,0,0,1,0,0,0,0,0,0,0,0,1,0,0,0,0,0,0,0,0,0,0,0,0,0,0,0,0,0,0,0,0,0,0,0,0,0,0,0,0,0,0,0,0,0,0,0,0,0,0,0
73342,northern trust,https://careers.northerntrust.com/jobs/manager-enterprise-innovation-and-incubation-11067,3,1,0,3,0,0,8,4,0,0,1,0,0,0,0,3,0,0,0,0,5,5,28,0,0,1,0,0,6,0,0,4,15,0,0,0,0,1,3,2,0,0,0,1,0,0,0,0,1,0,0,0,3,0,0,0,0,0,0,0,0,0,0,0,0,0,0,0,0,0,0,0,0,3,0,0,0,0,3,0,0,0,0,0,0,0,0,0,0,0,0,0,0,1,0,0,0,0,0,0,0
70362,northern trust,https://careers.northerntrust.com/jobs/client-advisor-wm-advisory-11064,3,0,0,0,0,0,3,0,0,0,0,0,0,0,0,0,0,0,0,0,0,0,0,0,0,7,0,0,1,0,0,0,0,0,0,1,0,0,0,0,0,0,0,0,0,0,0,0,0,0,0,0,5,0,0,0,0,4,0,0,0,1,0,0,0,0,0,0,0,0,0,0,3,0,0,0,0,0,1,0,1,0,0,0,0,0,0,0,0,0,0,0,0,0,0,0,0,0,0,0,0
73329,northern trust,https://careers.northerntrust.com/jobs/peoplesoft-applications-manager-11029,3,0,5,2,0,0,6,2,0,0,0,0,1,0,0,0,2,0,0,0,0,6,3,0,0,0,0,0,6,0,0,0,2,0,0,0,0,0,0,0,0,0,0,0,0,0,0,0,0,0,0,0,2,0,0,1,0,0,0,0,0,0,0,0,0,0,0,0,0,0,0,0,0,0,0,0,0,0,0,0,0,0,0,0,0,0,1,0,0,0,0,0,0,0,0,0,0,0,1,0,0
73322,northern trust,https://careers.northerntrust.com/jobs/trust-advisor-11030,3,0,0,1,1,0,0,1,0,0,0,0,0,0,0,0,0,0,0,0,0,3,0,0,0,1,0,0,3,0,0,0,0,0,0,0,0,0,0,0,0,0,0,0,0,0,0,0,0,0,0,1,3,0,0,0,0,0,0,0,0,0,0,0,1,0,0,0,0,0,0,0,1,0,0,0,0,0,0,0,0,0,0,0,0,0,0,0,0,0,0,0,0,0,0,0,0,0,0,0,0
17071,northern trust,https://careers.northerntrust.com/jobs/senior-consultant-investment-performance-10536,3,1,2,0,0,0,9,2,0,0,0,0,0,0,0,1,0,0,0,0,3,5,3,1,0,1,0,0,8,0,0,1,6,0,0,0,0,0,0,1,0,0,0,0,0,0,0,0,0,0,0,0,3,0,0,0,0,0,0,0,0,1,0,0,0,0,0,0,0,0,0,0,0,0,0,0,0,0,0,0,0,0,0,0,0,0,1,0,0,0,0,0,0,0,0,0,0,0,1,0,0
18113,northern trust,https://careers.northerntrust.com/jobs/2019-entry-level-chicago-10978,3,1,0,1,0,0,6,0,0,0,0,0,0,0,0,1,0,0,0,0,5,1,14,0,0,1,0,0,2,0,0,1,7,0,0,0,0,0,0,1,0,0,0,1,0,1,0,0,1,0,0,0,0,0,0,0,0,0,0,0,0,0,0,0,1,0,0,0,0,0,0,0,0,1,0,0,0,0,0,0,0,0,0,0,0,0,0,0,0,0,0,0,0,0,0,0,0,0,0,0,0
73112,northern trust,https://careers.northerntrust.com/jobs/trust-advisor-10975,3,0,9,1,1,0,4,0,0,0,1,0,0,0,1,6,1,0,0,0,7,3,5,0,0,3,0,0,2,0,0,1,3,0,0,0,0,0,0,6,0,0,0,0,0,0,2,1,1,0,0,0,0,0,0,2,0,0,0,0,0,7,0,0,0,0,0,1,0,0,0,0,0,0,0,1,0,0,0,0,0,0,1,0,0,0,0,0,0,0,0,0,0,0,0,0,0,0,0,1,0
73068,northern trust,https://careers.northerntrust.com/jobs/registered-associate-10922,3,1,2,0,0,0,9,2,0,0,0,0,0,0,0,1,0,0,0,0,3,5,3,1,0,1,0,0,8,0,0,1,6,0,0,0,0,0,0,1,0,0,0,0,0,0,0,0,0,0,0,0,3,0,0,0,0,0,0,0,0,1,0,0,0,0,0,0,0,0,0,0,0,0,0,0,0,0,0,0,0,0,0,0,0,0,1,0,0,0,0,0,0,0,0,0,0,0,1,0,0
72996,northern trust,https://careers.northerntrust.com/jobs/ware-washer-10920,3,1,1,3,0,0,2,1,0,0,1,0,0,0,1,1,0,0,0,0,4,2,5,0,0,1,0,0,3,0,0,1,5,0,0,0,0,0,0,2,0,0,0,0,0,0,0,0,0,0,0,0,2,0,0,1,0,0,0,0,0,0,0,0,0,0,0,0,0,0,0,0,1,1,0,0,0,0,0,0,0,0,1,0,0,0,0,0,0,0,0,0,0,0,0,0,0,0,0,0,0
72459,northern trust,https://careers.northerntrust.com/jobs/banking-relationship-advisor-10908,3,1,0,0,0,0,1,0,0,0,0,0,0,0,0,1,0,0,0,0,3,0,1,0,0,1,0,0,2,0,0,1,5,0,0,0,0,0,0,1,0,0,0,0,0,0,0,0,2,0,0,0,0,0,0,0,0,0,0,0,0,0,0,0,0,0,0,0,0,0,0,0,0,0,0,0,0,0,0,0,0,0,0,0,0,0,0,0,0,0,0,0,0,0,0,0,0,0,0,0,0
72997,northern trust,https://careers.northerntrust.com/jobs/senior-auditor-liquidity-10907,3,5,2,1,0,0,12,1,0,0,0,0,0,0,0,1,0,0,0,0,3,5,1,1,0,1,0,0,7,0,0,1,5,0,0,0,0,12,0,1,0,0,5,0,0,0,0,0,0,0,0,0,3,0,0,0,0,0,0,0,0,0,0,0,0,0,0,0,0,0,0,0,0,5,0,1,0,0,1,0,0,0,0,0,0,0,0,0,0,0,0,0,0,0,0,0,0,0,0,0,3
72642,northern trust,https://careers.northerntrust.com/jobs/senior-consultant-investment-accounting-10905,3,1,1,0,0,0,1,7,0,0,0,0,0,0,0,1,0,0,0,0,3,3,1,2,0,1,0,0,13,0,0,1,7,0,0,0,0,0,0,1,0,0,0,0,0,0,0,0,0,0,0,0,1,0,0,0,0,3,0,0,0,1,0,0,0,0,0,0,0,0,0,0,0,0,5,0,0,0,0,0,0,0,0,0,0,0,0,0,0,0,0,0,0,2,0,0,0,0,1,0,0
72873,northern trust,https://careers.northerntrust.com/jobs/manager-treasury-services-account-manager-team-10855,3,1,4,0,1,0,3,0,0,0,0,0,1,0,0,1,0,0,0,0,3,0,9,3,0,1,0,0,3,0,0,1,6,0,0,0,0,0,0,1,0,0,0,0,0,0,3,0,0,0,3,0,0,0,0,0,0,0,0,0,0,0,0,0,0,0,0,0,0,0,0,0,3,0,0,3,0,0,0,0,0,0,0,0,0,0,0,0,0,0,0,0,0,0,0,0,0,0,0,0,0
18136,northern trust,https://careers.northerntrust.com/jobs/omnium-platform-developer-10809,3,1,0,0,0,0,9,1,0,0,3,0,0,0,0,1,0,0,0,0,3,11,1,0,0,1,0,0,10,0,0,1,5,0,0,0,0,0,0,2,0,0,0,0,0,0,0,0,0,0,0,0,4,0,0,1,0,0,0,0,0,1,0,0,1,0,0,0,0,0,0,0,0,2,0,0,0,0,3,0,0,0,0,0,0,0,0,0,0,0,0,0,0,0,0,0,0,0,0,0,0
72968,northern trust,https://careers.northerntrust.com/jobs/senior-it-auditor-i-10826,3,0,0,0,1,0,2,0,0,0,1,0,0,0,0,0,0,0,0,0,0,1,0,0,0,0,0,0,0,0,0,0,0,0,0,0,0,0,0,1,0,0,0,0,0,0,0,0,0,0,0,0,2,0,0,0,0,0,0,0,0,0,0,0,0,0,0,0,0,0,0,0,0,0,0,0,0,0,0,0,0,0,0,0,0,0,0,0,0,0,0,0,0,0,0,0,0,0,1,0,0
71913,northern trust,https://careers.northerntrust.com/jobs/manager-software-quality-management-10792,3,1,0,0,0,0,2,2,0,0,1,0,0,0,0,1,0,0,0,0,3,4,1,0,0,3,0,0,5,0,0,1,5,0,0,0,0,0,0,1,0,0,0,0,0,0,0,0,1,0,0,0,1,0,0,0,0,4,0,0,0,2,0,0,0,0,0,0,0,0,0,0,1,0,0,0,0,0,0,0,0,0,0,0,0,0,0,0,0,0,0,0,0,0,0,0,0,0,0,0,0
72902,northern trust,https://careers.northerntrust.com/jobs/sr-consultant-hris-10769,3,0,1,0,1,0,1,0,0,0,0,0,0,0,0,1,0,0,0,0,0,1,0,0,0,2,0,0,7,0,0,1,0,0,0,0,0,0,0,0,0,0,0,0,0,0,0,0,2,2,0,0,5,0,0,0,0,0,0,0,0,1,0,0,0,0,0,0,0,0,0,0,1,4,0,0,0,0,2,0,0,0,0,0,0,0,0,0,0,0,0,0,0,0,0,0,0,0,0,0,0
72597,northern trust,https://careers.northerntrust.com/jobs/sr-trust-advisor-10733,3,0,0,0,2,0,2,0,0,0,3,0,0,0,0,0,0,0,0,0,0,8,0,0,0,0,0,0,2,0,0,0,0,0,0,0,0,0,0,0,0,0,0,0,0,0,0,0,0,0,0,0,2,0,0,0,0,0,0,0,0,0,0,0,0,0,0,0,0,0,0,0,0,1,0,0,0,0,0,0,0,0,0,0,0,0,0,0,0,0,0,0,0,0,0,0,0,0,0,0,0
72685,northern trust,https://careers.northerntrust.com/jobs/head-of-national-sales-and-strategic-partnerships-10656,3,1,2,0,0,0,10,2,0,0,0,0,0,0,0,1,0,0,0,0,3,6,3,1,0,1,0,0,8,0,0,1,6,0,0,0,0,0,0,1,0,0,0,0,0,0,0,0,0,0,0,0,1,0,0,0,0,0,0,0,0,2,0,0,0,0,0,0,0,0,0,0,0,0,0,0,0,0,0,0,0,0,0,0,0,0,1,0,0,0,0,0,0,0,0,0,0,0,1,0,0
72467,northern trust,https://careers.northerntrust.com/jobs/sox-analyst-10580,3,1,1,0,0,0,1,0,0,0,1,0,0,0,0,2,0,0,0,0,5,1,2,0,0,1,0,0,7,0,0,1,7,0,0,0,0,0,0,2,0,0,0,0,0,0,0,0,0,0,1,0,1,0,0,0,0,0,0,0,0,0,3,0,0,0,0,0,0,0,0,0,0,1,0,0,0,0,1,0,0,0,0,0,0,0,0,0,0,0,0,0,0,0,0,0,0,0,0,0,1
72453,northern trust,https://careers.northerntrust.com/jobs/acct-rel-assoc-priv-bkg-10544,3,1,2,0,0,0,3,3,0,0,1,0,0,0,0,1,0,0,0,0,3,1,1,1,0,1,0,0,5,0,0,2,5,0,0,0,0,0,0,2,0,0,0,0,0,0,0,0,0,0,0,0,0,0,0,0,0,13,0,0,0,0,0,0,1,0,0,0,0,0,0,0,0,0,0,0,0,0,1,0,0,0,0,0,0,0,0,0,0,0,0,0,0,0,0,0,0,0,0,0,0
72478,northern trust,https://careers.northerntrust.com/jobs/peoplesoft-hcm-application-developer-10532,3,1,0,0,0,0,8,0,0,0,3,0,0,0,0,1,0,0,0,0,4,0,1,0,0,1,0,0,2,0,0,1,5,1,0,0,0,2,0,1,0,0,6,0,0,0,6,0,0,0,0,0,0,0,0,0,0,0,0,0,0,0,0,0,0,0,0,0,0,0,0,0,0,0,0,0,0,0,0,0,0,0,0,0,0,0,0,0,0,0,0,0,0,0,0,0,0,0,1,0,3
72285,northern trust,https://careers.northerntrust.com/jobs/sales-associate-corporate-institutional-services-10492,3,0,0,0,2,0,0,0,0,0,0,0,0,0,0,0,0,0,0,0,0,4,0,0,0,3,0,0,0,0,0,0,0,0,0,0,0,0,0,1,0,0,0,0,0,0,0,0,0,0,0,0,3,0,0,0,0,0,0,0,0,1,0,0,0,0,0,0,0,0,0,0,0,0,0,0,0,0,2,0,0,0,0,0,0,0,0,0,0,0,0,0,0,0,0,0,0,0,0,0,0
72185,northern trust,https://careers.northerntrust.com/jobs/sr-analyst-bu-fin-analysis-10446,3,1,0,2,2,0,2,0,0,0,2,0,0,0,0,1,0,0,0,0,3,0,1,0,0,1,0,0,6,0,0,1,5,0,0,0,0,0,0,2,0,0,0,0,0,0,0,0,0,0,0,0,0,0,0,0,0,0,0,0,0,1,0,0,0,0,0,0,0,0,0,0,0,0,0,0,0,0,0,0,0,0,0,0,0,0,0,0,0,0,0,0,0,0,0,0,0,0,0,0,0
69775,northern trust,https://careers.northerntrust.com/jobs/wealth-management-strategy-specialist-10219,3,0,8,0,2,0,0,0,0,0,0,0,0,0,0,0,0,0,0,0,0,4,0,1,0,0,0,0,5,0,0,0,0,0,0,0,0,0,0,0,0,0,0,0,0,0,0,0,0,0,0,0,1,0,0,0,0,0,0,0,0,0,0,0,0,0,0,0,0,0,0,0,0,0,0,0,0,0,0,0,0,0,0,0,0,0,1,0,0,0,0,0,0,0,0,0,0,0,0,0,0
72241,northern trust,https://careers.northerntrust.com/jobs/trust-owned-real-estate-manager-special-assets-10397,3,1,2,1,0,0,1,0,0,0,1,0,0,0,0,1,0,0,0,0,3,5,1,0,0,1,0,0,6,0,0,1,5,0,0,0,0,0,0,1,0,0,0,0,0,0,0,0,0,0,0,0,1,0,0,3,0,0,0,0,0,0,0,0,0,0,0,0,0,0,0,0,0,3,0,0,0,0,0,0,0,0,0,0,0,0,0,0,0,0,0,0,0,0,0,0,0,0,0,0,0
72278,northern trust,https://careers.northerntrust.com/jobs/sr-tax-administrator-10381,3,1,0,2,0,0,2,0,0,0,0,0,2,0,0,1,0,0,0,0,3,0,2,1,0,1,0,0,7,0,0,1,10,0,0,0,0,0,0,1,0,0,0,0,0,1,0,0,0,0,0,0,0,0,0,0,0,0,0,0,0,0,0,0,0,0,0,0,0,0,0,0,0,0,0,0,0,0,0,0,0,0,0,0,0,0,0,0,0,0,0,0,0,0,0,2,0,0,0,0,1
65679,northern trust,https://careers.northerntrust.com/jobs/solutions-architect-8012,3,2,0,0,0,0,1,1,0,0,0,0,0,0,0,1,0,0,0,0,3,0,1,1,0,1,0,0,2,0,0,1,5,0,0,0,0,0,0,1,0,0,0,0,0,0,1,0,0,0,0,0,0,0,0,0,0,0,0,0,0,0,0,0,3,0,0,0,0,0,0,0,0,0,0,0,0,0,0,0,0,0,0,0,0,0,0,0,0,0,0,0,0,0,0,0,0,0,0,0,0
71919,northern trust,https://careers.northerntrust.com/jobs/senior-consultant-technology-governance-risk-compliance-10195,3,0,0,0,1,0,0,2,0,0,0,0,0,0,0,0,0,0,0,0,0,4,0,0,0,4,0,0,1,0,0,0,0,0,0,0,0,0,0,0,0,1,0,0,0,0,0,0,0,0,0,0,11,0,0,0,0,0,0,0,0,1,0,0,0,0,0,0,0,0,0,0,0,0,0,0,0,0,1,0,0,0,0,0,0,0,0,0,0,0,0,0,0,0,0,0,0,0,0,0,0
71710,northern trust,https://careers.northerntrust.com/jobs/director-asset-management-client-insights-10170,3,1,0,0,2,0,1,11,0,0,1,0,0,0,0,1,0,0,0,0,3,1,1,0,0,2,0,0,7,0,0,1,5,0,0,0,0,0,0,4,0,0,0,0,0,0,0,0,0,0,0,0,2,0,0,0,0,8,0,0,0,0,0,0,0,0,0,0,0,0,0,0,1,1,0,0,0,0,0,0,0,0,0,0,0,0,0,0,0,0,0,0,0,0,0,0,0,0,0,0,0
71571,northern trust,https://careers.northerntrust.com/jobs/client-advisor-wealth-management-advisory-10148,3,1,0,3,6,0,1,0,0,0,2,0,0,0,0,1,0,0,0,0,3,6,1,0,0,1,0,0,2,0,0,1,5,0,0,0,0,0,0,1,0,0,0,0,0,1,0,0,0,0,0,0,1,0,0,0,0,0,0,0,0,1,0,0,0,0,0,0,0,0,0,0,0,0,0,0,0,0,0,0,0,0,0,0,0,0,0,0,0,0,0,0,0,0,0,0,0,0,0,0,0
71715,northern trust,https://careers.northerntrust.com/jobs/sr-account-manager-wealth-management-advisory-10138,3,1,3,2,0,0,7,2,0,0,0,0,0,0,0,1,2,0,0,0,3,3,4,0,0,1,0,0,8,0,0,1,6,0,0,0,0,0,0,1,0,0,0,0,0,0,0,0,0,0,0,0,1,0,0,0,0,0,0,0,0,0,0,0,0,0,0,0,0,0,0,0,0,0,0,0,0,0,0,0,0,0,0,0,0,0,1,0,0,0,0,0,0,0,0,0,0,0,1,0,0
68802,northern trust,https://careers.northerntrust.com/jobs/banking-relationship-advisor-10091,3,2,1,0,0,0,8,0,0,0,3,0,0,0,0,1,0,0,0,0,3,3,3,0,0,1,0,0,7,0,0,1,5,0,0,0,0,0,0,1,0,0,0,0,0,0,2,0,0,0,0,0,3,0,0,0,0,0,0,0,0,2,0,0,1,0,0,0,0,2,0,0,0,0,0,0,0,0,0,0,0,0,0,0,0,0,0,0,0,0,0,0,0,0,0,0,0,0,0,0,0
71705,northern trust,https://careers.northerntrust.com/jobs/specialist-enterprise-archit-10079,3,1,2,0,0,0,1,4,0,0,0,0,0,0,0,1,0,0,0,0,3,5,2,0,0,1,0,0,5,0,0,1,5,0,0,2,0,1,0,1,0,0,2,0,0,0,0,0,1,0,0,0,2,0,0,0,0,0,0,0,0,2,0,0,0,0,0,0,0,0,0,0,0,1,0,0,0,0,0,0,0,0,0,0,0,0,0,0,0,0,0,0,0,0,0,0,0,0,0,0,1
67912,northern trust,https://careers.northerntrust.com/jobs/banking-relationship-advisor-10074,3,0,1,0,1,0,1,0,0,0,0,0,0,0,0,0,0,0,0,0,0,1,0,0,0,1,0,0,4,0,0,0,0,0,0,5,0,0,0,0,0,0,0,0,0,0,0,0,0,3,0,0,0,0,0,0,0,0,0,0,0,0,0,0,0,0,0,0,0,0,0,0,1,1,0,0,0,0,0,0,0,0,0,0,0,0,0,0,0,0,0,0,0,0,0,0,0,0,0,0,0
71716,northern trust,https://careers.northerntrust.com/jobs/sr-per-inv-port-mgr-10076,3,0,2,0,0,0,0,4,0,0,0,0,0,0,0,0,0,0,0,0,0,5,1,0,0,0,0,0,3,0,0,0,0,0,0,2,0,1,0,0,0,0,2,0,0,0,0,0,1,0,0,0,2,0,0,0,0,0,0,0,0,1,0,0,0,0,0,0,0,0,0,0,0,1,0,0,0,0,0,0,0,0,0,0,0,0,0,0,0,0,0,0,0,0,0,0,0,0,0,0,1
71717,northern trust,https://careers.northerntrust.com/jobs/digital-marketing-manager-10073,3,3,3,0,0,0,3,0,0,0,0,0,0,0,0,1,0,0,0,0,3,1,22,0,0,1,0,0,5,0,0,1,7,0,0,0,0,0,0,5,0,0,0,0,0,0,0,0,0,0,0,0,1,0,0,0,0,0,0,0,0,0,0,0,0,0,0,0,0,0,0,0,0,5,0,0,0,0,0,0,0,0,0,0,0,0,2,0,1,0,0,0,0,0,0,0,0,0,0,0,0
71539,northern trust,https://careers.northerntrust.com/jobs/senior-trust-advisor-wealth-advisory-team-10061,3,1,0,0,3,0,1,0,0,7,0,0,0,0,0,1,0,0,0,0,3,2,1,0,0,3,0,0,3,0,0,1,5,0,0,0,0,0,0,1,0,0,0,0,0,0,0,0,0,0,0,0,2,0,0,0,0,0,0,0,0,2,0,0,0,0,0,0,0,0,0,0,0,1,0,0,0,0,0,0,0,0,0,0,0,0,0,0,0,0,0,0,0,0,0,0,0,0,0,0,0
71569,northern trust,https://careers.northerntrust.com/jobs/product-marketing-manager-10008,3,1,2,0,0,0,9,2,0,0,0,0,0,0,0,1,0,0,0,0,3,6,3,1,0,1,0,0,8,0,0,1,7,0,0,0,0,0,0,2,0,0,0,0,0,0,0,0,0,0,0,0,1,0,0,0,0,0,0,0,0,1,0,0,0,0,0,0,0,0,0,0,0,0,0,0,0,0,0,0,0,0,0,0,0,0,1,0,0,0,0,0,0,0,0,0,0,0,1,0,0
57779,northern trust,https://careers.northerntrust.com/jobs/wealth-strategist-new-business-trust-and-investment-sales-9999,3,1,0,1,0,0,1,0,0,0,0,0,0,0,0,1,0,0,0,0,3,1,11,0,0,1,0,0,5,0,0,4,7,0,0,0,0,0,0,4,0,0,0,0,0,0,0,0,0,0,0,0,0,0,0,1,0,0,0,0,0,2,2,0,0,0,0,0,0,0,0,0,0,6,0,1,0,0,0,0,0,0,0,0,0,0,0,0,1,0,0,0,0,0,0,0,0,0,2,1,0
71413,northern trust,https://careers.northerntrust.com/jobs/client-advisor-wm-advisory-9944,3,7,3,0,0,0,12,0,0,0,2,0,1,0,0,1,0,0,0,0,3,1,4,0,0,1,0,0,4,0,0,1,8,0,0,1,0,0,1,5,0,0,1,0,0,0,1,0,0,0,0,0,0,0,0,0,0,0,0,0,0,0,0,0,0,0,0,0,0,0,0,0,2,0,0,2,0,0,0,0,0,0,0,0,0,0,0,0,0,0,0,0,0,0,0,0,0,0,0,0,0
71132,northern trust,https://careers.northerntrust.com/jobs/manager-executive-compensation-9860,3,1,3,2,0,0,7,2,0,0,0,0,0,0,0,1,2,0,0,0,3,3,4,0,0,1,0,0,8,0,0,1,7,0,0,0,0,0,0,1,0,0,0,0,0,0,0,0,0,0,0,0,1,0,0,0,0,0,0,0,0,0,0,0,0,0,0,0,0,0,0,0,0,0,0,0,0,0,0,0,0,0,0,0,0,0,1,0,0,0,0,0,0,0,0,0,0,0,1,0,0
71289,northern trust,https://careers.northerntrust.com/jobs/estate-administrator-9828,3,0,1,2,0,0,1,0,0,0,0,0,0,0,0,0,0,0,0,0,0,0,0,1,0,0,0,0,3,0,0,3,0,0,0,0,0,0,0,0,0,0,0,0,0,0,0,0,0,0,3,0,1,0,0,0,0,0,0,0,0,1,0,0,2,0,0,0,0,0,0,0,0,0,0,0,0,0,1,0,0,0,0,0,0,0,0,0,0,0,0,0,0,0,0,0,0,0,2,0,0
68108,northern trust,https://careers.northerntrust.com/jobs/personal-banker-9745,3,4,1,1,0,0,1,0,0,0,0,0,0,0,0,0,0,0,0,0,0,2,9,1,0,0,0,0,2,0,0,0,5,0,0,0,0,1,0,0,0,0,0,0,0,2,0,0,0,0,0,0,0,0,0,0,0,0,0,0,0,0,3,0,1,0,0,0,0,4,0,0,0,0,0,1,0,0,0,0,0,0,0,0,0,0,0,0,0,0,0,0,0,2,0,0,0,0,0,0,0
18081,northern trust,https://careers.northerntrust.com/jobs/financial-advisor-9195,3,1,0,0,0,0,8,0,0,0,2,0,0,0,0,1,0,0,0,0,4,1,1,0,0,2,0,0,4,0,0,1,5,1,0,0,0,0,0,1,0,0,0,0,0,0,1,0,1,0,0,0,0,0,0,0,0,0,0,0,0,1,0,0,1,0,0,0,0,0,0,0,0,0,0,1,0,0,0,0,0,0,0,0,0,0,0,0,0,0,0,0,0,0,0,0,0,0,0,0,0
18067,northern trust,https://careers.northerntrust.com/jobs/senior-consultant-applications-8917,3,0,1,2,0,0,1,1,0,0,1,0,0,0,0,0,0,0,0,0,1,3,5,0,0,0,0,0,1,0,0,0,0,0,0,0,0,0,0,0,0,0,0,0,0,0,0,0,0,0,0,0,1,0,0,0,0,0,0,0,0,1,0,0,0,0,0,0,0,0,0,0,2,6,0,0,0,0,0,0,0,0,1,0,0,0,0,0,0,0,0,0,0,0,0,0,0,0,0,1,0
69933,northern trust,https://careers.northerntrust.com/jobs/ormb-functional-developer-8889,3,0,0,2,7,0,0,0,0,0,0,0,0,0,0,0,2,0,0,0,0,0,0,0,0,0,0,0,0,0,0,0,0,0,0,0,0,0,0,0,0,0,0,0,0,0,0,0,0,0,0,0,0,0,0,0,0,0,0,0,0,0,0,0,0,0,0,0,0,0,0,0,0,0,0,0,0,0,0,0,0,0,0,0,0,0,0,0,0,0,0,0,0,0,0,0,0,0,0,0,0
69934,northern trust,https://careers.northerntrust.com/jobs/ormb-functional-developer-8888,3,1,0,0,2,0,1,0,0,0,0,0,0,0,0,1,0,0,0,0,3,0,1,0,0,1,0,0,2,0,0,1,5,0,0,0,0,0,0,1,0,0,0,0,0,0,0,0,0,0,0,0,0,0,0,0,0,0,0,0,0,1,0,0,0,0,0,0,0,0,0,0,0,0,0,0,0,0,2,0,0,0,0,0,0,0,0,0,0,0,0,0,0,0,0,0,0,0,0,0,0
69622,northern trust,https://careers.northerntrust.com/jobs/wealth-advisor-8820,3,1,0,0,2,0,1,0,0,0,0,0,0,0,0,1,0,0,0,0,3,0,1,0,0,1,0,0,2,0,0,1,5,0,0,0,0,0,0,1,0,0,0,0,0,0,0,0,0,0,0,0,0,0,0,0,0,0,0,0,0,1,0,0,0,0,0,0,0,0,0,0,0,0,0,0,0,0,2,0,0,0,0,0,0,0,0,0,0,0,0,0,0,0,0,0,0,0,0,0,0
69022,northern trust,https://careers.northerntrust.com/jobs/sr-quantitative-investment-research-thought-leadership-8349,3,2,8,0,0,0,9,2,0,0,1,0,1,0,0,1,1,0,0,0,3,3,3,0,0,1,0,0,5,0,0,1,6,0,0,1,0,0,0,3,0,0,0,0,0,0,0,0,0,0,0,0,2,0,0,0,0,0,0,0,0,0,0,0,0,0,0,0,0,0,0,0,0,0,0,1,0,0,1,0,0,0,0,0,0,0,0,0,0,0,0,0,0,0,0,0,0,0,0,0,0
18026,northern trust,https://careers.northerntrust.com/jobs/senior-developer-java-spring-web-services-rest-soap-8335,3,1,1,0,0,0,2,1,0,0,0,0,0,0,0,1,0,0,0,0,3,0,4,0,0,1,0,0,3,0,0,2,6,0,0,0,0,0,0,1,0,0,0,0,0,0,0,0,0,0,1,0,0,0,0,0,0,0,0,0,0,0,0,0,0,0,0,0,0,0,0,0,0,2,0,0,0,0,0,0,0,0,0,0,0,0,0,0,0,0,0,0,0,0,0,0,0,0,0,0,0
18027,northern trust,https://careers.northerntrust.com/jobs/senior-developer-java-spring-web-services-rest-soap-8334,3,0,0,0,3,0,3,0,0,0,1,0,0,0,0,0,0,0,0,0,0,3,0,0,0,7,0,0,2,0,0,0,0,0,0,0,0,0,0,1,0,0,0,0,0,0,0,0,0,0,0,0,3,0,0,0,0,0,0,0,0,0,0,0,1,0,0,0,0,0,0,0,0,0,0,0,0,0,0,0,0,0,0,0,0,0,0,0,0,0,0,0,0,0,0,0,0,0,2,0,0
67027,northern trust,https://careers.northerntrust.com/jobs/new-business-trust-and-investment-sales-executive-7138,3,0,0,0,3,0,3,0,0,0,1,0,0,0,0,0,0,0,0,0,0,3,0,0,0,7,0,0,2,0,0,0,0,0,0,0,0,0,0,1,0,0,0,0,0,0,0,0,0,0,0,0,3,0,0,0,0,0,0,0,0,0,0,0,1,0,0,0,0,0,0,0,0,0,0,0,0,0,0,0,0,0,0,0,0,0,0,0,0,0,0,0,0,0,0,0,0,0,2,0,0
61490,northern trust,https://careers.northerntrust.com/jobs/estate-admintr-5185,3,1,4,0,0,0,6,0,0,0,0,0,0,0,0,1,0,0,0,0,3,5,3,0,0,1,0,0,7,0,0,1,7,1,0,0,0,0,0,4,0,0,0,0,0,0,0,0,0,0,0,0,0,0,0,0,0,0,0,0,0,0,0,0,0,0,0,0,0,0,0,0,1,1,0,0,0,0,0,0,0,0,0,0,0,0,0,0,0,0,0,0,0,0,0,0,0,0,0,0,0
63494,northern trust,https://careers.northerntrust.com/jobs/banking-relationship-advisor-4944,3,6,1,0,0,0,2,0,0,0,0,0,0,0,0,1,0,0,0,0,3,2,10,1,0,1,0,0,4,0,0,1,10,0,0,0,0,1,0,1,0,0,0,0,0,2,0,0,0,0,0,0,0,0,0,0,0,0,0,0,0,1,3,0,1,0,0,0,0,2,0,0,0,0,0,1,0,0,0,0,0,0,0,0,0,0,0,0,0,0,0,0,0,2,0,0,0,0,0,0,0
60464,northern trust,https://careers.northerntrust.com/jobs/trust-advisor-team-lead-3154,3,1,1,1,0,0,1,4,0,0,0,0,0,0,0,1,0,0,0,0,3,4,2,0,0,1,0,0,5,0,0,1,5,0,0,2,0,2,0,1,0,0,2,0,0,0,0,0,1,0,0,0,1,0,0,0,0,0,0,0,0,1,0,0,0,0,0,0,0,0,0,0,0,1,0,0,0,0,0,0,0,0,0,0,0,0,0,0,0,0,0,0,0,0,0,0,0,0,0,0,1
,,,,1,2,0,0,0,9,2,0,0,0,0,0,0,0,1,0,0,0,0,3,5,3,1,0,1,0,0,10,0,0,1,5,0,0,0,0,0,0,1,0,0,0,0,0,0,0,0,0,0,0,0,4,0,0,0,0,0,0,0,0,3,0,0,1,0,0,0,0,0,0,0,0,0,0,0,0,0,1,0,0,0,0,0,0,0,0,0,0,0,0,0,0,0,0,0,0,0,1,0,0
